time,header,lat,lon,alt,u_e,u_n,zone,letter
1644098007241484448,"seq: 1
stamp: 
  secs: 1644098007
  nsecs: 240294218
frame_id: ''",42.3395649,-71.08448,12.8,328285.5782564336,4689583.13491391,19,T
1644098008260898995,"seq: 2
stamp: 
  secs: 1644098008
  nsecs: 257742881
frame_id: ''",42.3395649,-71.08448,12.8,328285.5782564336,4689583.13491391,19,T
1644098009257163390,"seq: 3
stamp: 
  secs: 1644098009
  nsecs: 255850076
frame_id: ''",42.3395649,-71.08448,12.7,328285.5782564336,4689583.13491391,19,T
1644098010243099446,"seq: 4
stamp: 
  secs: 1644098010
  nsecs: 239959478
frame_id: ''",42.3395649,-71.08448,12.7,328285.5782564336,4689583.13491391,19,T
1644098011265223386,"seq: 5
stamp: 
  secs: 1644098011
  nsecs: 263955116
frame_id: ''",42.3395649,-71.08448,12.7,328285.5782564336,4689583.13491391,19,T
1644098012244895068,"seq: 6
stamp: 
  secs: 1644098012
  nsecs: 243060827
frame_id: ''",42.3395649,-71.08448,12.7,328285.5782564336,4689583.13491391,19,T
1644098013242966452,"seq: 7
stamp: 
  secs: 1644098013
  nsecs: 241338014
frame_id: ''",42.3395649,-71.08448,12.7,328285.5782564336,4689583.13491391,19,T
1644098014267715471,"seq: 8
stamp: 
  secs: 1644098014
  nsecs: 265905618
frame_id: ''",42.3395649,-71.08448,12.7,328285.5782564336,4689583.13491391,19,T
1644098015244834667,"seq: 9
stamp: 
  secs: 1644098015
  nsecs: 242941617
frame_id: ''",42.3395649,-71.08448,12.7,328285.5782564336,4689583.13491391,19,T
1644098016264722348,"seq: 10
stamp: 
  secs: 1644098016
  nsecs: 263383865
frame_id: ''",42.3395649,-71.08448,12.7,328285.5782564336,4689583.13491391,19,T
1644098017267503372,"seq: 11
stamp: 
  secs: 1644098017
  nsecs: 265625238
frame_id: ''",42.3395649,-71.08448,12.7,328285.5782564336,4689583.13491391,19,T
1644098018244846236,"seq: 12
stamp: 
  secs: 1644098018
  nsecs: 243173360
frame_id: ''",42.3395649,-71.08448,12.7,328285.5782564336,4689583.13491391,19,T
1644098019244816656,"seq: 13
stamp: 
  secs: 1644098019
  nsecs: 243967533
frame_id: ''",42.3395649,-71.084478,12.8,328285.7430184556,4689583.130874878,19,T
1644098020246039038,"seq: 14
stamp: 
  secs: 1644098020
  nsecs: 244435310
frame_id: ''",42.3395649,-71.084478,12.8,328285.7430184556,4689583.130874878,19,T
1644098021247431937,"seq: 15
stamp: 
  secs: 1644098021
  nsecs: 245990991
frame_id: ''",42.3395649,-71.084478,12.8,328285.7430184556,4689583.130874878,19,T
1644098022268480561,"seq: 16
stamp: 
  secs: 1644098022
  nsecs: 266762495
frame_id: ''",42.3395649,-71.084478,12.8,328285.7430184556,4689583.130874878,19,T
1644098023269797038,"seq: 17
stamp: 
  secs: 1644098023
  nsecs: 268189907
frame_id: ''",42.3395649,-71.084478,12.8,328285.7430184556,4689583.130874878,19,T
1644098024270839448,"seq: 18
stamp: 
  secs: 1644098024
  nsecs: 269177675
frame_id: ''",42.3395649,-71.084478,12.8,328285.7430184556,4689583.130874878,19,T
1644098025247742115,"seq: 19
stamp: 
  secs: 1644098025
  nsecs: 246365785
frame_id: ''",42.3395649,-71.084478,12.8,328285.7430184556,4689583.130874878,19,T
1644098026247606530,"seq: 20
stamp: 
  secs: 1644098026
  nsecs: 246256113
frame_id: ''",42.3395649,-71.084478,12.8,328285.7430184556,4689583.130874878,19,T
1644098027249421761,"seq: 21
stamp: 
  secs: 1644098027
  nsecs: 247789382
frame_id: ''",42.3395649,-71.084478,12.8,328285.7430184556,4689583.130874878,19,T
1644098028250281599,"seq: 22
stamp: 
  secs: 1644098028
  nsecs: 246746301
frame_id: ''",42.3395649,-71.084478,12.8,328285.7430184556,4689583.130874878,19,T
1644098029249005412,"seq: 23
stamp: 
  secs: 1644098029
  nsecs: 246653079
frame_id: ''",42.3395649,-71.084478,12.8,328285.7430184556,4689583.130874878,19,T
1644098030246130884,"seq: 24
stamp: 
  secs: 1644098030
  nsecs: 244477033
frame_id: ''",42.3395649,-71.084478,12.8,328285.7430184556,4689583.130874878,19,T
1644098031268075591,"seq: 25
stamp: 
  secs: 1644098031
  nsecs: 266407489
frame_id: ''",42.3395649,-71.084478,12.8,328285.7430184556,4689583.130874878,19,T
1644098032248559665,"seq: 26
stamp: 
  secs: 1644098032
  nsecs: 245029449
frame_id: ''",42.3395649,-71.084478,12.8,328285.7430184556,4689583.130874878,19,T
1644098033246241639,"seq: 27
stamp: 
  secs: 1644098033
  nsecs: 244482517
frame_id: ''",42.3395649,-71.084478,12.8,328285.7430184556,4689583.130874878,19,T
1644098034246130419,"seq: 28
stamp: 
  secs: 1644098034
  nsecs: 244440555
frame_id: ''",42.3395649,-71.084478,12.8,328285.7430184556,4689583.130874878,19,T
1644098035247519895,"seq: 29
stamp: 
  secs: 1644098035
  nsecs: 246132135
frame_id: ''",42.3395649,-71.084478,12.8,328285.7430184556,4689583.130874878,19,T
1644098036247985436,"seq: 30
stamp: 
  secs: 1644098036
  nsecs: 245433092
frame_id: ''",42.3395649,-71.084478,12.8,328285.7430184556,4689583.130874878,19,T
1644098037246848480,"seq: 31
stamp: 
  secs: 1644098037
  nsecs: 243916749
frame_id: ''",42.3395649,-71.084478,12.8,328285.7430184556,4689583.130874878,19,T
1644098038246177677,"seq: 32
stamp: 
  secs: 1644098038
  nsecs: 244457006
frame_id: ''",42.3395649,-71.084478,12.8,328285.7430184556,4689583.130874878,19,T
1644098039249103035,"seq: 33
stamp: 
  secs: 1644098039
  nsecs: 245920658
frame_id: ''",42.3395649,-71.084478,12.8,328285.7430184556,4689583.130874878,19,T
1644098040246329402,"seq: 34
stamp: 
  secs: 1644098040
  nsecs: 244794130
frame_id: ''",42.3395649,-71.084478,12.8,328285.7430184556,4689583.130874878,19,T
1644098041266930303,"seq: 35
stamp: 
  secs: 1644098041
  nsecs: 265356063
frame_id: ''",42.3395649,-71.084478,12.8,328285.7430184556,4689583.130874878,19,T
1644098042266176594,"seq: 36
stamp: 
  secs: 1644098042
  nsecs: 264853715
frame_id: ''",42.3395649,-71.084478,12.8,328285.7430184556,4689583.130874878,19,T
1644098043247891164,"seq: 37
stamp: 
  secs: 1644098043
  nsecs: 245193243
frame_id: ''",42.3395649,-71.084478,12.8,328285.7430184556,4689583.130874878,19,T
1644098044266522997,"seq: 38
stamp: 
  secs: 1644098044
  nsecs: 265324354
frame_id: ''",42.3395649,-71.084478,12.8,328285.7430184556,4689583.130874878,19,T
1644098045246153184,"seq: 39
stamp: 
  secs: 1644098045
  nsecs: 245081663
frame_id: ''",42.3395649,-71.084478,12.8,328285.7430184556,4689583.130874878,19,T
1644098046246621312,"seq: 40
stamp: 
  secs: 1644098046
  nsecs: 244350433
frame_id: ''",42.3395649,-71.084478,12.8,328285.7430184556,4689583.130874878,19,T
1644098047273307852,"seq: 41
stamp: 
  secs: 1644098047
  nsecs: 269561767
frame_id: ''",42.3395649,-71.084478,12.8,328285.7430184556,4689583.130874878,19,T
1644098048248867178,"seq: 42
stamp: 
  secs: 1644098048
  nsecs: 246808052
frame_id: ''",42.3395649,-71.084478,12.8,328285.7430184556,4689583.130874878,19,T
1644098049267481646,"seq: 43
stamp: 
  secs: 1644098049
  nsecs: 266303539
frame_id: ''",42.3395649,-71.084478,12.8,328285.7430184556,4689583.130874878,19,T
1644098050248143084,"seq: 44
stamp: 
  secs: 1644098050
  nsecs: 246761322
frame_id: ''",42.3395649,-71.084478,12.8,328285.7430184556,4689583.130874878,19,T
1644098051248551012,"seq: 45
stamp: 
  secs: 1644098051
  nsecs: 247657775
frame_id: ''",42.3395649,-71.084478,12.8,328285.7430184556,4689583.130874878,19,T
1644098052247925844,"seq: 46
stamp: 
  secs: 1644098052
  nsecs: 247089147
frame_id: ''",42.3395649,-71.084478,12.8,328285.7430184556,4689583.130874878,19,T
1644098053247000153,"seq: 47
stamp: 
  secs: 1644098053
  nsecs: 245675802
frame_id: ''",42.3395649,-71.084478,12.8,328285.7430184556,4689583.130874878,19,T
1644098054245664663,"seq: 48
stamp: 
  secs: 1644098054
  nsecs: 244337320
frame_id: ''",42.3395649,-71.084478,12.8,328285.7430184556,4689583.130874878,19,T
1644098055248869876,"seq: 49
stamp: 
  secs: 1644098055
  nsecs: 247467756
frame_id: ''",42.3395649,-71.084478,12.8,328285.7430184556,4689583.130874878,19,T
1644098056267336879,"seq: 50
stamp: 
  secs: 1644098056
  nsecs: 265777587
frame_id: ''",42.3395649,-71.084478,12.8,328285.7430184556,4689583.130874878,19,T
1644098057248128924,"seq: 51
stamp: 
  secs: 1644098057
  nsecs: 246491670
frame_id: ''",42.3395649,-71.084478,12.8,328285.7430184556,4689583.130874878,19,T
1644098058247701357,"seq: 52
stamp: 
  secs: 1644098058
  nsecs: 246965408
frame_id: ''",42.3395649,-71.084478,12.8,328285.7430184556,4689583.130874878,19,T
1644098059270414382,"seq: 53
stamp: 
  secs: 1644098059
  nsecs: 269339323
frame_id: ''",42.3395649,-71.084478,12.8,328285.7430184556,4689583.130874878,19,T
1644098060269583371,"seq: 54
stamp: 
  secs: 1644098060
  nsecs: 268039703
frame_id: ''",42.3395649,-71.084478,12.8,328285.7430184556,4689583.130874878,19,T
1644098061267899103,"seq: 55
stamp: 
  secs: 1644098061
  nsecs: 267059803
frame_id: ''",42.3395649,-71.084478,12.8,328285.7430184556,4689583.130874878,19,T
1644098062246959951,"seq: 56
stamp: 
  secs: 1644098062
  nsecs: 245912551
frame_id: ''",42.3395649,-71.084478,12.8,328285.7430184556,4689583.130874878,19,T
1644098063245827613,"seq: 57
stamp: 
  secs: 1644098063
  nsecs: 244141101
frame_id: ''",42.3395633,-71.084478,12.8,328285.73866304837,4689582.953207055,19,T
1644098064265128180,"seq: 58
stamp: 
  secs: 1644098064
  nsecs: 262722253
frame_id: ''",42.3395616,-71.084475,12.6,328285.9811784773,4689582.758376453,19,T
1644098065247232287,"seq: 59
stamp: 
  secs: 1644098065
  nsecs: 244374036
frame_id: ''",42.33956,-71.084475,12.1,328285.97682307655,4689582.58070863,19,T
1644098066264934344,"seq: 60
stamp: 
  secs: 1644098066
  nsecs: 263404607
frame_id: ''",42.33956,-71.084475,12.1,328285.97682307655,4689582.58070863,19,T
1644098067265842910,"seq: 61
stamp: 
  secs: 1644098067
  nsecs: 264097929
frame_id: ''",42.33956,-71.084475,12.1,328285.97682307655,4689582.58070863,19,T
1644098068246993000,"seq: 62
stamp: 
  secs: 1644098068
  nsecs: 245331048
frame_id: ''",42.33956,-71.084475,12.1,328285.97682307655,4689582.58070863,19,T
1644098069247375835,"seq: 63
stamp: 
  secs: 1644098069
  nsecs: 244989156
frame_id: ''",42.33956,-71.084475,12.1,328285.97682307655,4689582.58070863,19,T
1644098070247250330,"seq: 64
stamp: 
  secs: 1644098070
  nsecs: 245271444
frame_id: ''",42.33956,-71.084475,12.1,328285.97682307655,4689582.58070863,19,T
1644098071248242618,"seq: 65
stamp: 
  secs: 1644098071
  nsecs: 246565103
frame_id: ''",42.33956,-71.084475,12.1,328285.97682307655,4689582.58070863,19,T
1644098072246809330,"seq: 66
stamp: 
  secs: 1644098072
  nsecs: 245192289
frame_id: ''",42.33956,-71.084475,12.1,328285.97682307655,4689582.58070863,19,T
1644098073262904805,"seq: 67
stamp: 
  secs: 1644098073
  nsecs: 260910749
frame_id: ''",42.33956,-71.084475,12.1,328285.97682307655,4689582.58070863,19,T
1644098074262577935,"seq: 68
stamp: 
  secs: 1644098074
  nsecs: 261022090
frame_id: ''",42.3395583,-71.084473,11.7,328286.1369575026,4689582.387897547,19,T
1644098075267210781,"seq: 69
stamp: 
  secs: 1644098075
  nsecs: 266233682
frame_id: ''",42.3395583,-71.084473,11.7,328286.1369575026,4689582.387897547,19,T
1644098076250612422,"seq: 70
stamp: 
  secs: 1644098076
  nsecs: 247789859
frame_id: ''",42.3395583,-71.084473,11.7,328286.1369575026,4689582.387897547,19,T
1644098077245021164,"seq: 71
stamp: 
  secs: 1644098077
  nsecs: 243146181
frame_id: ''",42.3395583,-71.084473,11.3,328286.1369575026,4689582.387897547,19,T
1644098078245230727,"seq: 72
stamp: 
  secs: 1644098078
  nsecs: 243346691
frame_id: ''",42.3395583,-71.084473,11.3,328286.1369575026,4689582.387897547,19,T
1644098079244550718,"seq: 73
stamp: 
  secs: 1644098079
  nsecs: 243395566
frame_id: ''",42.3395583,-71.084473,11.3,328286.1369575026,4689582.387897547,19,T
1644098080243457159,"seq: 74
stamp: 
  secs: 1644098080
  nsecs: 242777824
frame_id: ''",42.3395583,-71.084473,11.3,328286.1369575026,4689582.387897547,19,T
1644098081245969719,"seq: 75
stamp: 
  secs: 1644098081
  nsecs: 242740631
frame_id: ''",42.339555,-71.084471,11.0,328286.29273654777,4689582.017418644,19,T
1644098082264015967,"seq: 76
stamp: 
  secs: 1644098082
  nsecs: 261425733
frame_id: ''",42.339555,-71.084471,11.0,328286.29273654777,4689582.017418644,19,T
1644098083245932029,"seq: 77
stamp: 
  secs: 1644098083
  nsecs: 244653224
frame_id: ''",42.339555,-71.084471,11.0,328286.29273654777,4689582.017418644,19,T
1644098084247178198,"seq: 78
stamp: 
  secs: 1644098084
  nsecs: 245933771
frame_id: ''",42.339555,-71.084471,11.0,328286.29273654777,4689582.017418644,19,T
1644098085246570614,"seq: 79
stamp: 
  secs: 1644098085
  nsecs: 245891809
frame_id: ''",42.339555,-71.084471,11.0,328286.29273654777,4689582.017418644,19,T
1644098086247013131,"seq: 80
stamp: 
  secs: 1644098086
  nsecs: 245805740
frame_id: ''",42.339555,-71.084471,10.9,328286.29273654777,4689582.017418644,19,T
1644098087247620015,"seq: 81
stamp: 
  secs: 1644098087
  nsecs: 246279239
frame_id: ''",42.339555,-71.084471,10.9,328286.29273654777,4689582.017418644,19,T
1644098088246838813,"seq: 82
stamp: 
  secs: 1644098088
  nsecs: 245895862
frame_id: ''",42.3395533,-71.08447,10.7,328286.3704899732,4689581.826627076,19,T
1644098089247630698,"seq: 83
stamp: 
  secs: 1644098089
  nsecs: 246360778
frame_id: ''",42.3395533,-71.08447,10.7,328286.3704899732,4689581.826627076,19,T
1644098090247013836,"seq: 84
stamp: 
  secs: 1644098090
  nsecs: 246128559
frame_id: ''",42.3395533,-71.08447,10.7,328286.3704899732,4689581.826627076,19,T
1644098091247290443,"seq: 85
stamp: 
  secs: 1644098091
  nsecs: 245763778
frame_id: ''",42.3395533,-71.08447,10.7,328286.3704899732,4689581.826627076,19,T
1644098092264919804,"seq: 86
stamp: 
  secs: 1644098092
  nsecs: 263420581
frame_id: ''",42.3395533,-71.08447,10.5,328286.3704899732,4689581.826627076,19,T
1644098093264577369,"seq: 87
stamp: 
  secs: 1644098093
  nsecs: 263438224
frame_id: ''",42.3395533,-71.08447,10.5,328286.3704899732,4689581.826627076,19,T
1644098094249642810,"seq: 88
stamp: 
  secs: 1644098094
  nsecs: 245769500
frame_id: ''",42.3395533,-71.08447,10.4,328286.3704899732,4689581.826627076,19,T
1644098095265875457,"seq: 89
stamp: 
  secs: 1644098095
  nsecs: 265256881
frame_id: ''",42.3395533,-71.08447,10.4,328286.3704899732,4689581.826627076,19,T
1644098096249622309,"seq: 90
stamp: 
  secs: 1644098096
  nsecs: 246205329
frame_id: ''",42.3395533,-71.08447,10.4,328286.3704899732,4689581.826627076,19,T
1644098097246959189,"seq: 91
stamp: 
  secs: 1644098097
  nsecs: 245442390
frame_id: ''",42.3395533,-71.08447,10.4,328286.3704899732,4689581.826627076,19,T
1644098098264993648,"seq: 92
stamp: 
  secs: 1644098098
  nsecs: 263496875
frame_id: ''",42.3395533,-71.08447,10.4,328286.3704899732,4689581.826627076,19,T
1644098099248238293,"seq: 93
stamp: 
  secs: 1644098099
  nsecs: 245878934
frame_id: ''",42.3395533,-71.08447,10.4,328286.3704899732,4689581.826627076,19,T
1644098100266691695,"seq: 94
stamp: 
  secs: 1644098100
  nsecs: 264124631
frame_id: ''",42.3395533,-71.08447,10.4,328286.3704899732,4689581.826627076,19,T
1644098101247536020,"seq: 95
stamp: 
  secs: 1644098101
  nsecs: 246192932
frame_id: ''",42.3395533,-71.08447,10.4,328286.3704899732,4689581.826627076,19,T
1644098102246753630,"seq: 96
stamp: 
  secs: 1644098102
  nsecs: 245692491
frame_id: ''",42.3395533,-71.08447,10.4,328286.3704899732,4689581.826627076,19,T
1644098103247926180,"seq: 97
stamp: 
  secs: 1644098103
  nsecs: 246809244
frame_id: ''",42.3395533,-71.08447,10.4,328286.3704899732,4689581.826627076,19,T
1644098104246604229,"seq: 98
stamp: 
  secs: 1644098104
  nsecs: 244170904
frame_id: ''",42.3395533,-71.08447,10.4,328286.3704899732,4689581.826627076,19,T
1644098105244418140,"seq: 99
stamp: 
  secs: 1644098105
  nsecs: 242832183
frame_id: ''",42.3395533,-71.08447,10.4,328286.3704899732,4689581.826627076,19,T
1644098106243866458,"seq: 100
stamp: 
  secs: 1644098106
  nsecs: 242391109
frame_id: ''",42.3395533,-71.08447,10.4,328286.3704899732,4689581.826627076,19,T
1644098107265011605,"seq: 101
stamp: 
  secs: 1644098107
  nsecs: 262738943
frame_id: ''",42.3395516,-71.08447,10.3,328286.36586237175,4689581.637855015,19,T
1644098108244342667,"seq: 102
stamp: 
  secs: 1644098108
  nsecs: 242841005
frame_id: ''",42.3395516,-71.08447,10.3,328286.36586237175,4689581.637855015,19,T
1644098109249359067,"seq: 103
stamp: 
  secs: 1644098109
  nsecs: 247444152
frame_id: ''",42.3395516,-71.08447,10.3,328286.36586237175,4689581.637855015,19,T
1644098110263725418,"seq: 104
stamp: 
  secs: 1644098110
  nsecs: 262951612
frame_id: ''",42.3395516,-71.08447,10.3,328286.36586237175,4689581.637855015,19,T
1644098111265813469,"seq: 105
stamp: 
  secs: 1644098111
  nsecs: 264872789
frame_id: ''",42.3395516,-71.08447,10.3,328286.36586237175,4689581.637855015,19,T
1644098112264286811,"seq: 106
stamp: 
  secs: 1644098112
  nsecs: 261696577
frame_id: ''",42.3395516,-71.08447,10.3,328286.36586237175,4689581.637855015,19,T
1644098113254334581,"seq: 107
stamp: 
  secs: 1644098113
  nsecs: 252694368
frame_id: ''",42.3395516,-71.08447,10.3,328286.36586237175,4689581.637855015,19,T
1644098114247073437,"seq: 108
stamp: 
  secs: 1644098114
  nsecs: 245562791
frame_id: ''",42.3395516,-71.084471,10.2,328286.2834813403,4689581.639874523,19,T
1644098115263027253,"seq: 109
stamp: 
  secs: 1644098115
  nsecs: 261401414
frame_id: ''",42.3395516,-71.084471,10.2,328286.2834813403,4689581.639874523,19,T
1644098116244092281,"seq: 110
stamp: 
  secs: 1644098116
  nsecs: 242896080
frame_id: ''",42.3395516,-71.084471,10.2,328286.2834813403,4689581.639874523,19,T
1644098117268805194,"seq: 111
stamp: 
  secs: 1644098117
  nsecs: 266606092
frame_id: ''",42.3395516,-71.084471,10.2,328286.2834813403,4689581.639874523,19,T
1644098118265466503,"seq: 112
stamp: 
  secs: 1644098118
  nsecs: 263925552
frame_id: ''",42.3395516,-71.084471,10.2,328286.2834813403,4689581.639874523,19,T
1644098119246651290,"seq: 113
stamp: 
  secs: 1644098119
  nsecs: 245602130
frame_id: ''",42.3395516,-71.084471,10.1,328286.2834813403,4689581.639874523,19,T
1644098120248797389,"seq: 114
stamp: 
  secs: 1644098120
  nsecs: 245592355
frame_id: ''",42.3395516,-71.084471,10.1,328286.2834813403,4689581.639874523,19,T
1644098121249793110,"seq: 115
stamp: 
  secs: 1644098121
  nsecs: 245536088
frame_id: ''",42.3395516,-71.084471,10.1,328286.2834813403,4689581.639874523,19,T
1644098122241825024,"seq: 116
stamp: 
  secs: 1644098122
  nsecs: 241139173
frame_id: ''",42.3395516,-71.084471,10.1,328286.2834813403,4689581.639874523,19,T
1644098123243185720,"seq: 117
stamp: 
  secs: 1644098123
  nsecs: 241936445
frame_id: ''",42.3395516,-71.084471,10.1,328286.2834813403,4689581.639874523,19,T
1644098124261462044,"seq: 118
stamp: 
  secs: 1644098124
  nsecs: 260195255
frame_id: ''",42.3395516,-71.084471,10.1,328286.2834813403,4689581.639874523,19,T
1644098125265048463,"seq: 119
stamp: 
  secs: 1644098125
  nsecs: 263896942
frame_id: ''",42.3395516,-71.084471,10.0,328286.2834813403,4689581.639874523,19,T
1644098126261215782,"seq: 120
stamp: 
  secs: 1644098126
  nsecs: 260045528
frame_id: ''",42.3395516,-71.084471,10.0,328286.2834813403,4689581.639874523,19,T
1644098127243913553,"seq: 121
stamp: 
  secs: 1644098127
  nsecs: 242548227
frame_id: ''",42.3395516,-71.084471,10.0,328286.2834813403,4689581.639874523,19,T
1644098128242851062,"seq: 122
stamp: 
  secs: 1644098128
  nsecs: 241704702
frame_id: ''",42.3395516,-71.084471,10.0,328286.2834813403,4689581.639874523,19,T
1644098129242374742,"seq: 123
stamp: 
  secs: 1644098129
  nsecs: 241504907
frame_id: ''",42.3395516,-71.084471,10.0,328286.2834813403,4689581.639874523,19,T
1644098130245185175,"seq: 124
stamp: 
  secs: 1644098130
  nsecs: 243758440
frame_id: ''",42.3395516,-71.084471,10.0,328286.2834813403,4689581.639874523,19,T
1644098131244038333,"seq: 125
stamp: 
  secs: 1644098131
  nsecs: 242862939
frame_id: ''",42.3395516,-71.084471,10.0,328286.2834813403,4689581.639874523,19,T
1644098132251822957,"seq: 126
stamp: 
  secs: 1644098132
  nsecs: 250720500
frame_id: ''",42.3395516,-71.084471,10.0,328286.2834813403,4689581.639874523,19,T
1644098133243210504,"seq: 127
stamp: 
  secs: 1644098133
  nsecs: 241998910
frame_id: ''",42.3395516,-71.084471,10.0,328286.2834813403,4689581.639874523,19,T
1644098134261864129,"seq: 128
stamp: 
  secs: 1644098134
  nsecs: 260415315
frame_id: ''",42.3395516,-71.084471,10.0,328286.2834813403,4689581.639874523,19,T
1644098135243554104,"seq: 129
stamp: 
  secs: 1644098135
  nsecs: 242277383
frame_id: ''",42.3395516,-71.084471,10.0,328286.2834813403,4689581.639874523,19,T
1644098136244346778,"seq: 130
stamp: 
  secs: 1644098136
  nsecs: 242852926
frame_id: ''",42.3395516,-71.084471,10.0,328286.2834813403,4689581.639874523,19,T
1644098137244130366,"seq: 131
stamp: 
  secs: 1644098137
  nsecs: 242622613
frame_id: ''",42.3395516,-71.084471,10.0,328286.2834813403,4689581.639874523,19,T
1644098138243473068,"seq: 132
stamp: 
  secs: 1644098138
  nsecs: 242560625
frame_id: ''",42.3395516,-71.084471,10.0,328286.2834813403,4689581.639874523,19,T
1644098139244401773,"seq: 133
stamp: 
  secs: 1644098139
  nsecs: 242669820
frame_id: ''",42.3395516,-71.084471,10.0,328286.2834813403,4689581.639874523,19,T
1644098140244886318,"seq: 134
stamp: 
  secs: 1644098140
  nsecs: 243119955
frame_id: ''",42.3395516,-71.084471,10.0,328286.2834813403,4689581.639874523,19,T
1644098141245953773,"seq: 135
stamp: 
  secs: 1644098141
  nsecs: 244605541
frame_id: ''",42.3395516,-71.084471,10.0,328286.2834813403,4689581.639874523,19,T
1644098142263587900,"seq: 136
stamp: 
  secs: 1644098142
  nsecs: 262034893
frame_id: ''",42.3395516,-71.084471,10.0,328286.2834813403,4689581.639874523,19,T
1644098143266382455,"seq: 137
stamp: 
  secs: 1644098143
  nsecs: 262850761
frame_id: ''",42.3395516,-71.084471,10.0,328286.2834813403,4689581.639874523,19,T
1644098144245579784,"seq: 138
stamp: 
  secs: 1644098144
  nsecs: 243726730
frame_id: ''",42.3395516,-71.084471,10.0,328286.2834813403,4689581.639874523,19,T
1644098145261062951,"seq: 139
stamp: 
  secs: 1644098145
  nsecs: 258262157
frame_id: ''",42.3395516,-71.084471,10.0,328286.2834813403,4689581.639874523,19,T
1644098146243749015,"seq: 140
stamp: 
  secs: 1644098146
  nsecs: 242455005
frame_id: ''",42.3395516,-71.084471,10.0,328286.2834813403,4689581.639874523,19,T
1644098147244917064,"seq: 141
stamp: 
  secs: 1644098147
  nsecs: 243345499
frame_id: ''",42.3395516,-71.084471,10.0,328286.2834813403,4689581.639874523,19,T
1644098148243540510,"seq: 142
stamp: 
  secs: 1644098148
  nsecs: 242454051
frame_id: ''",42.3395516,-71.084471,10.0,328286.2834813403,4689581.639874523,19,T
1644098149262239597,"seq: 143
stamp: 
  secs: 1644098149
  nsecs: 260469675
frame_id: ''",42.3395516,-71.084471,10.0,328286.2834813403,4689581.639874523,19,T
1644098150245675343,"seq: 144
stamp: 
  secs: 1644098150
  nsecs: 243142366
frame_id: ''",42.3395516,-71.084471,10.0,328286.2834813403,4689581.639874523,19,T
1644098151263096419,"seq: 145
stamp: 
  secs: 1644098151
  nsecs: 261738061
frame_id: ''",42.3395516,-71.084471,10.0,328286.2834813403,4689581.639874523,19,T
1644098152241254011,"seq: 146
stamp: 
  secs: 1644098152
  nsecs: 240022420
frame_id: ''",42.3395516,-71.084471,9.9,328286.2834813403,4689581.639874523,19,T
1644098153241658799,"seq: 147
stamp: 
  secs: 1644098153
  nsecs: 240190029
frame_id: ''",42.3395516,-71.084471,9.9,328286.2834813403,4689581.639874523,19,T
1644098154240703048,"seq: 148
stamp: 
  secs: 1644098154
  nsecs: 239628076
frame_id: ''",42.3395516,-71.084471,9.9,328286.2834813403,4689581.639874523,19,T
1644098155244566619,"seq: 149
stamp: 
  secs: 1644098155
  nsecs: 241880416
frame_id: ''",42.3395516,-71.084471,9.9,328286.2834813403,4689581.639874523,19,T
1644098156241719961,"seq: 150
stamp: 
  secs: 1644098156
  nsecs: 240319967
frame_id: ''",42.3395516,-71.084471,9.9,328286.2834813403,4689581.639874523,19,T
1644098157241066255,"seq: 151
stamp: 
  secs: 1644098157
  nsecs: 240097761
frame_id: ''",42.3395516,-71.084471,9.9,328286.2834813403,4689581.639874523,19,T
1644098158260047272,"seq: 152
stamp: 
  secs: 1644098158
  nsecs: 258783340
frame_id: ''",42.3395516,-71.084471,9.9,328286.2834813403,4689581.639874523,19,T
1644098159242088119,"seq: 153
stamp: 
  secs: 1644098159
  nsecs: 240698575
frame_id: ''",42.3395516,-71.084471,9.9,328286.2834813403,4689581.639874523,19,T
1644098160259201817,"seq: 154
stamp: 
  secs: 1644098160
  nsecs: 257920742
frame_id: ''",42.3395516,-71.084471,9.9,328286.2834813403,4689581.639874523,19,T
1644098161272398668,"seq: 155
stamp: 
  secs: 1644098161
  nsecs: 271056890
frame_id: ''",42.3395516,-71.084471,9.9,328286.2834813403,4689581.639874523,19,T
1644098162262482316,"seq: 156
stamp: 
  secs: 1644098162
  nsecs: 261110305
frame_id: ''",42.3395516,-71.084471,9.9,328286.2834813403,4689581.639874523,19,T
1644098163241699034,"seq: 157
stamp: 
  secs: 1644098163
  nsecs: 240509986
frame_id: ''",42.3395516,-71.084471,9.9,328286.2834813403,4689581.639874523,19,T
1644098164242855693,"seq: 158
stamp: 
  secs: 1644098164
  nsecs: 241736412
frame_id: ''",42.3395516,-71.084471,9.9,328286.2834813403,4689581.639874523,19,T
1644098165258915715,"seq: 159
stamp: 
  secs: 1644098165
  nsecs: 257905483
frame_id: ''",42.3395516,-71.084471,9.9,328286.2834813403,4689581.639874523,19,T
1644098166241777040,"seq: 160
stamp: 
  secs: 1644098166
  nsecs: 240429401
frame_id: ''",42.3395516,-71.084471,9.9,328286.2834813403,4689581.639874523,19,T
1644098167243216617,"seq: 161
stamp: 
  secs: 1644098167
  nsecs: 242220878
frame_id: ''",42.3395516,-71.084471,9.9,328286.2834813403,4689581.639874523,19,T
1644098168246557548,"seq: 162
stamp: 
  secs: 1644098168
  nsecs: 245398521
frame_id: ''",42.3395516,-71.084471,9.9,328286.2834813403,4689581.639874523,19,T
1644098169258975923,"seq: 163
stamp: 
  secs: 1644098169
  nsecs: 258080244
frame_id: ''",42.3395516,-71.084471,9.8,328286.2834813403,4689581.639874523,19,T
1644098170244227075,"seq: 164
stamp: 
  secs: 1644098170
  nsecs: 243000984
frame_id: ''",42.3395516,-71.084471,9.8,328286.2834813403,4689581.639874523,19,T
1644098171241984245,"seq: 165
stamp: 
  secs: 1644098171
  nsecs: 241080045
frame_id: ''",42.3395516,-71.084471,9.7,328286.2834813403,4689581.639874523,19,T
1644098172242143188,"seq: 166
stamp: 
  secs: 1644098172
  nsecs: 241306304
frame_id: ''",42.3395516,-71.084471,9.7,328286.2834813403,4689581.639874523,19,T
1644098173246181476,"seq: 167
stamp: 
  secs: 1644098173
  nsecs: 244642257
frame_id: ''",42.3395516,-71.084471,9.7,328286.2834813403,4689581.639874523,19,T
1644098174263915283,"seq: 168
stamp: 
  secs: 1644098174
  nsecs: 262389421
frame_id: ''",42.3395516,-71.084471,9.7,328286.2834813403,4689581.639874523,19,T
1644098175264864149,"seq: 169
stamp: 
  secs: 1644098175
  nsecs: 262994289
frame_id: ''",42.3395516,-71.084471,9.7,328286.2834813403,4689581.639874523,19,T
1644098176261687918,"seq: 170
stamp: 
  secs: 1644098176
  nsecs: 260035514
frame_id: ''",42.3395516,-71.084471,9.7,328286.2834813403,4689581.639874523,19,T
1644098177241502628,"seq: 171
stamp: 
  secs: 1644098177
  nsecs: 240317344
frame_id: ''",42.3395516,-71.084471,9.7,328286.2834813403,4689581.639874523,19,T
1644098178243330144,"seq: 172
stamp: 
  secs: 1644098178
  nsecs: 241567134
frame_id: ''",42.3395516,-71.084471,9.7,328286.2834813403,4689581.639874523,19,T
1644098179243512872,"seq: 173
stamp: 
  secs: 1644098179
  nsecs: 242160320
frame_id: ''",42.3395516,-71.084471,9.7,328286.2834813403,4689581.639874523,19,T
1644098180241684445,"seq: 174
stamp: 
  secs: 1644098180
  nsecs: 239890336
frame_id: ''",42.3395516,-71.084471,9.6,328286.2834813403,4689581.639874523,19,T
1644098181241345170,"seq: 175
stamp: 
  secs: 1644098181
  nsecs: 239949226
frame_id: ''",42.3395516,-71.084471,9.6,328286.2834813403,4689581.639874523,19,T
1644098182241718060,"seq: 176
stamp: 
  secs: 1644098182
  nsecs: 240279436
frame_id: ''",42.3395516,-71.084471,9.6,328286.2834813403,4689581.639874523,19,T
1644098183242569016,"seq: 177
stamp: 
  secs: 1644098183
  nsecs: 240971803
frame_id: ''",42.3395516,-71.084471,9.6,328286.2834813403,4689581.639874523,19,T
1644098184241952603,"seq: 178
stamp: 
  secs: 1644098184
  nsecs: 240320205
frame_id: ''",42.3395516,-71.084471,9.6,328286.2834813403,4689581.639874523,19,T
1644098185262940208,"seq: 179
stamp: 
  secs: 1644098185
  nsecs: 261006832
frame_id: ''",42.3395516,-71.084471,9.5,328286.2834813403,4689581.639874523,19,T
1644098186242207323,"seq: 180
stamp: 
  secs: 1644098186
  nsecs: 240181684
frame_id: ''",42.3395516,-71.084471,9.5,328286.2834813403,4689581.639874523,19,T
1644098187243399782,"seq: 181
stamp: 
  secs: 1644098187
  nsecs: 241607427
frame_id: ''",42.3395516,-71.084471,9.5,328286.2834813403,4689581.639874523,19,T
1644098188244516393,"seq: 182
stamp: 
  secs: 1644098188
  nsecs: 241322994
frame_id: ''",42.3395516,-71.084471,9.5,328286.2834813403,4689581.639874523,19,T
1644098189246357710,"seq: 183
stamp: 
  secs: 1644098189
  nsecs: 244054079
frame_id: ''",42.3395516,-71.084471,9.5,328286.2834813403,4689581.639874523,19,T
1644098190243573702,"seq: 184
stamp: 
  secs: 1644098190
  nsecs: 241510152
frame_id: ''",42.3395516,-71.084471,9.5,328286.2834813403,4689581.639874523,19,T
1644098191245945149,"seq: 185
stamp: 
  secs: 1644098191
  nsecs: 243057250
frame_id: ''",42.3395516,-71.084471,9.5,328286.2834813403,4689581.639874523,19,T
1644098192262350875,"seq: 186
stamp: 
  secs: 1644098192
  nsecs: 261766195
frame_id: ''",42.3395516,-71.084471,9.4,328286.2834813403,4689581.639874523,19,T
1644098193242137417,"seq: 187
stamp: 
  secs: 1644098193
  nsecs: 240129470
frame_id: ''",42.3395516,-71.084471,9.4,328286.2834813403,4689581.639874523,19,T
1644098194260313048,"seq: 188
stamp: 
  secs: 1644098194
  nsecs: 258801460
frame_id: ''",42.3395516,-71.084471,9.4,328286.2834813403,4689581.639874523,19,T
1644098195242856960,"seq: 189
stamp: 
  secs: 1644098195
  nsecs: 241438627
frame_id: ''",42.3395516,-71.084471,9.4,328286.2834813403,4689581.639874523,19,T
1644098196265221376,"seq: 190
stamp: 
  secs: 1644098196
  nsecs: 261329889
frame_id: ''",42.3395516,-71.084471,9.4,328286.2834813403,4689581.639874523,19,T
1644098197245969907,"seq: 191
stamp: 
  secs: 1644098197
  nsecs: 244060516
frame_id: ''",42.3395516,-71.084471,9.4,328286.2834813403,4689581.639874523,19,T
1644098198244934223,"seq: 192
stamp: 
  secs: 1644098198
  nsecs: 242863416
frame_id: ''",42.3395516,-71.084471,9.4,328286.2834813403,4689581.639874523,19,T
1644098199261551030,"seq: 193
stamp: 
  secs: 1644098199
  nsecs: 260167837
frame_id: ''",42.3395516,-71.084471,9.3,328286.2834813403,4689581.639874523,19,T
1644098200245203186,"seq: 194
stamp: 
  secs: 1644098200
  nsecs: 243402481
frame_id: ''",42.3395516,-71.084471,9.3,328286.2834813403,4689581.639874523,19,T
1644098201244330706,"seq: 195
stamp: 
  secs: 1644098201
  nsecs: 243041515
frame_id: ''",42.3395516,-71.084471,9.3,328286.2834813403,4689581.639874523,19,T
1644098202262137165,"seq: 196
stamp: 
  secs: 1644098202
  nsecs: 261084318
frame_id: ''",42.3395516,-71.084471,9.3,328286.2834813403,4689581.639874523,19,T
1644098203246585957,"seq: 197
stamp: 
  secs: 1644098203
  nsecs: 245874166
frame_id: ''",42.3395516,-71.084471,9.3,328286.2834813403,4689581.639874523,19,T
1644098204243921527,"seq: 198
stamp: 
  secs: 1644098204
  nsecs: 242774248
frame_id: ''",42.3395516,-71.084471,9.2,328286.2834813403,4689581.639874523,19,T
1644098205244603457,"seq: 199
stamp: 
  secs: 1644098205
  nsecs: 243149280
frame_id: ''",42.3395516,-71.084471,9.2,328286.2834813403,4689581.639874523,19,T
1644098206245113924,"seq: 200
stamp: 
  secs: 1644098206
  nsecs: 243551969
frame_id: ''",42.3395516,-71.084471,9.2,328286.2834813403,4689581.639874523,19,T
1644098207245059501,"seq: 201
stamp: 
  secs: 1644098207
  nsecs: 243594408
frame_id: ''",42.3395516,-71.084471,9.2,328286.2834813403,4689581.639874523,19,T
1644098208262592292,"seq: 202
stamp: 
  secs: 1644098208
  nsecs: 261312246
frame_id: ''",42.3395516,-71.084471,9.2,328286.2834813403,4689581.639874523,19,T
1644098209245493932,"seq: 203
stamp: 
  secs: 1644098209
  nsecs: 244004011
frame_id: ''",42.3395516,-71.084471,9.2,328286.2834813403,4689581.639874523,19,T
1644098210262598596,"seq: 204
stamp: 
  secs: 1644098210
  nsecs: 261019706
frame_id: ''",42.3395516,-71.084471,9.2,328286.2834813403,4689581.639874523,19,T
1644098211263194605,"seq: 205
stamp: 
  secs: 1644098211
  nsecs: 260911941
frame_id: ''",42.3395516,-71.084471,9.2,328286.2834813403,4689581.639874523,19,T
1644098212262717701,"seq: 206
stamp: 
  secs: 1644098212
  nsecs: 261053085
frame_id: ''",42.3395516,-71.084471,9.2,328286.2834813403,4689581.639874523,19,T
1644098213245082109,"seq: 207
stamp: 
  secs: 1644098213
  nsecs: 243047952
frame_id: ''",42.3395516,-71.084471,9.2,328286.2834813403,4689581.639874523,19,T
1644098214242987137,"seq: 208
stamp: 
  secs: 1644098214
  nsecs: 241499185
frame_id: ''",42.3395516,-71.084471,9.2,328286.2834813403,4689581.639874523,19,T
1644098215264513314,"seq: 209
stamp: 
  secs: 1644098215
  nsecs: 263176918
frame_id: ''",42.3395533,-71.084471,9.1,328286.28810894396,4689581.8286465835,19,T
1644098216245708957,"seq: 210
stamp: 
  secs: 1644098216
  nsecs: 244036436
frame_id: ''",42.3395533,-71.084471,9.1,328286.28810894396,4689581.8286465835,19,T
1644098217244991814,"seq: 211
stamp: 
  secs: 1644098217
  nsecs: 242472648
frame_id: ''",42.3395533,-71.084473,9.1,328286.1233468896,4689581.832685602,19,T
1644098218242245816,"seq: 212
stamp: 
  secs: 1644098218
  nsecs: 241209506
frame_id: ''",42.3395533,-71.084473,9.1,328286.1233468896,4689581.832685602,19,T
1644098219261280906,"seq: 213
stamp: 
  secs: 1644098219
  nsecs: 258836746
frame_id: ''",42.3395533,-71.084473,9.0,328286.1233468896,4689581.832685602,19,T
1644098220242848731,"seq: 214
stamp: 
  secs: 1644098220
  nsecs: 241277456
frame_id: ''",42.3395533,-71.084473,9.0,328286.1233468896,4689581.832685602,19,T
1644098221242759601,"seq: 215
stamp: 
  secs: 1644098221
  nsecs: 241656780
frame_id: ''",42.3395533,-71.084473,9.0,328286.1233468896,4689581.832685602,19,T
1644098222241147036,"seq: 216
stamp: 
  secs: 1644098222
  nsecs: 240159034
frame_id: ''",42.3395533,-71.084473,9.0,328286.1233468896,4689581.832685602,19,T
1644098223242692377,"seq: 217
stamp: 
  secs: 1644098223
  nsecs: 241098165
frame_id: ''",42.3395533,-71.084473,9.0,328286.1233468896,4689581.832685602,19,T
1644098224242049261,"seq: 218
stamp: 
  secs: 1644098224
  nsecs: 240979194
frame_id: ''",42.3395533,-71.084473,9.0,328286.1233468896,4689581.832685602,19,T
1644098225270153332,"seq: 219
stamp: 
  secs: 1644098225
  nsecs: 268086671
frame_id: ''",42.3395533,-71.084473,9.0,328286.1233468896,4689581.832685602,19,T
1644098226259756355,"seq: 220
stamp: 
  secs: 1644098226
  nsecs: 258899688
frame_id: ''",42.3395533,-71.084473,9.0,328286.1233468896,4689581.832685602,19,T
1644098227262167565,"seq: 221
stamp: 
  secs: 1644098227
  nsecs: 260573148
frame_id: ''",42.3395533,-71.084473,9.0,328286.1233468896,4689581.832685602,19,T
1644098228245537943,"seq: 222
stamp: 
  secs: 1644098228
  nsecs: 243992328
frame_id: ''",42.3395533,-71.084473,9.1,328286.1233468896,4689581.832685602,19,T
1644098229244432389,"seq: 223
stamp: 
  secs: 1644098229
  nsecs: 242977857
frame_id: ''",42.3395533,-71.084473,9.1,328286.1233468896,4689581.832685602,19,T
1644098230245081622,"seq: 224
stamp: 
  secs: 1644098230
  nsecs: 243901729
frame_id: ''",42.3395533,-71.084473,9.1,328286.1233468896,4689581.832685602,19,T
1644098231243703212,"seq: 225
stamp: 
  secs: 1644098231
  nsecs: 242508172
frame_id: ''",42.3395533,-71.084473,9.1,328286.1233468896,4689581.832685602,19,T
1644098232243471257,"seq: 226
stamp: 
  secs: 1644098232
  nsecs: 242547512
frame_id: ''",42.3395533,-71.084473,9.1,328286.1233468896,4689581.832685602,19,T
1644098233244415944,"seq: 227
stamp: 
  secs: 1644098233
  nsecs: 243361711
frame_id: ''",42.3395533,-71.084473,9.1,328286.1233468896,4689581.832685602,19,T
1644098234245449529,"seq: 228
stamp: 
  secs: 1644098234
  nsecs: 244210004
frame_id: ''",42.3395533,-71.084473,9.1,328286.1233468896,4689581.832685602,19,T
1644098235261808866,"seq: 229
stamp: 
  secs: 1644098235
  nsecs: 260499477
frame_id: ''",42.3395533,-71.084473,9.1,328286.1233468896,4689581.832685602,19,T
1644098236247059715,"seq: 230
stamp: 
  secs: 1644098236
  nsecs: 245796680
frame_id: ''",42.3395533,-71.084473,9.1,328286.1233468896,4689581.832685602,19,T
1644098237246945032,"seq: 231
stamp: 
  secs: 1644098237
  nsecs: 245692729
frame_id: ''",42.3395533,-71.084473,9.1,328286.1233468896,4689581.832685602,19,T
1644098238246866960,"seq: 232
stamp: 
  secs: 1644098238
  nsecs: 245516300
frame_id: ''",42.3395533,-71.084473,9.1,328286.1233468896,4689581.832685602,19,T
1644098239247235999,"seq: 233
stamp: 
  secs: 1644098239
  nsecs: 246331214
frame_id: ''",42.3395533,-71.084473,9.1,328286.1233468896,4689581.832685602,19,T
1644098240247990069,"seq: 234
stamp: 
  secs: 1644098240
  nsecs: 246682882
frame_id: ''",42.3395533,-71.084473,9.1,328286.1233468896,4689581.832685602,19,T
1644098241247594120,"seq: 235
stamp: 
  secs: 1644098241
  nsecs: 245638370
frame_id: ''",42.3395533,-71.084473,9.1,328286.1233468896,4689581.832685602,19,T
1644098242264775084,"seq: 236
stamp: 
  secs: 1644098242
  nsecs: 263176441
frame_id: ''",42.3395533,-71.084473,9.2,328286.1233468896,4689581.832685602,19,T
1644098243247047987,"seq: 237
stamp: 
  secs: 1644098243
  nsecs: 246359109
frame_id: ''",42.3395533,-71.084473,9.2,328286.1233468896,4689581.832685602,19,T
1644098244265653879,"seq: 238
stamp: 
  secs: 1644098244
  nsecs: 264260053
frame_id: ''",42.3395533,-71.084473,9.2,328286.1233468896,4689581.832685602,19,T
1644098245247833662,"seq: 239
stamp: 
  secs: 1644098245
  nsecs: 246680736
frame_id: ''",42.3395533,-71.084473,9.2,328286.1233468896,4689581.832685602,19,T
1644098246264062287,"seq: 240
stamp: 
  secs: 1644098246
  nsecs: 262982606
frame_id: ''",42.3395533,-71.084473,9.2,328286.1233468896,4689581.832685602,19,T
1644098247247449019,"seq: 241
stamp: 
  secs: 1644098247
  nsecs: 246708393
frame_id: ''",42.3395533,-71.084473,9.2,328286.1233468896,4689581.832685602,19,T
1644098248251906045,"seq: 242
stamp: 
  secs: 1644098248
  nsecs: 249938726
frame_id: ''",42.3395533,-71.084473,9.2,328286.1233468896,4689581.832685602,19,T
1644098249247026305,"seq: 243
stamp: 
  secs: 1644098249
  nsecs: 245741128
frame_id: ''",42.3395533,-71.084473,9.2,328286.1233468896,4689581.832685602,19,T
1644098250262146469,"seq: 244
stamp: 
  secs: 1644098250
  nsecs: 261828422
frame_id: ''",42.3395533,-71.084473,9.2,328286.1233468896,4689581.832685602,19,T
1644098251248146216,"seq: 245
stamp: 
  secs: 1644098251
  nsecs: 246900796
frame_id: ''",42.3395533,-71.084473,9.2,328286.1233468896,4689581.832685602,19,T
1644098252267540861,"seq: 246
stamp: 
  secs: 1644098252
  nsecs: 264236688
frame_id: ''",42.3395533,-71.084475,9.3,328285.95858483727,4689581.836724625,19,T
1644098253246715954,"seq: 247
stamp: 
  secs: 1644098253
  nsecs: 245791435
frame_id: ''",42.3395533,-71.084475,9.3,328285.95858483727,4689581.836724625,19,T
1644098254247435236,"seq: 248
stamp: 
  secs: 1644098254
  nsecs: 245984792
frame_id: ''",42.3395533,-71.084475,9.3,328285.95858483727,4689581.836724625,19,T
1644098255247762736,"seq: 249
stamp: 
  secs: 1644098255
  nsecs: 246389865
frame_id: ''",42.3395533,-71.084475,9.3,328285.95858483727,4689581.836724625,19,T
1644098256245331053,"seq: 250
stamp: 
  secs: 1644098256
  nsecs: 244003772
frame_id: ''",42.3395533,-71.084475,9.3,328285.95858483727,4689581.836724625,19,T
1644098257248023820,"seq: 251
stamp: 
  secs: 1644098257
  nsecs: 246737241
frame_id: ''",42.339555,-71.084476,9.3,328285.8808314251,4689582.027516198,19,T
1644098258247003888,"seq: 252
stamp: 
  secs: 1644098258
  nsecs: 245644569
frame_id: ''",42.339555,-71.084476,9.3,328285.8808314251,4689582.027516198,19,T
1644098259266111934,"seq: 253
stamp: 
  secs: 1644098259
  nsecs: 264305353
frame_id: ''",42.339555,-71.084476,9.3,328285.8808314251,4689582.027516198,19,T
1644098260265725443,"seq: 254
stamp: 
  secs: 1644098260
  nsecs: 264403820
frame_id: ''",42.339555,-71.084476,9.3,328285.8808314251,4689582.027516198,19,T
1644098261248162392,"seq: 255
stamp: 
  secs: 1644098261
  nsecs: 246874570
frame_id: ''",42.339555,-71.084476,9.4,328285.8808314251,4689582.027516198,19,T
1644098262261152619,"seq: 256
stamp: 
  secs: 1644098262
  nsecs: 260430097
frame_id: ''",42.339555,-71.084476,9.4,328285.8808314251,4689582.027516198,19,T
1644098263267327533,"seq: 257
stamp: 
  secs: 1644098263
  nsecs: 264408826
frame_id: ''",42.339555,-71.084476,9.4,328285.8808314251,4689582.027516198,19,T
1644098264247515688,"seq: 258
stamp: 
  secs: 1644098264
  nsecs: 246247053
frame_id: ''",42.339555,-71.084476,9.4,328285.8808314251,4689582.027516198,19,T
1644098265246002270,"seq: 259
stamp: 
  secs: 1644098265
  nsecs: 245229005
frame_id: ''",42.339555,-71.084476,9.4,328285.8808314251,4689582.027516198,19,T
1644098266265846375,"seq: 260
stamp: 
  secs: 1644098266
  nsecs: 264459371
frame_id: ''",42.339555,-71.084476,9.4,328285.8808314251,4689582.027516198,19,T
1644098267248749239,"seq: 261
stamp: 
  secs: 1644098267
  nsecs: 247096776
frame_id: ''",42.339555,-71.084478,9.4,328285.7160693751,4689582.031555226,19,T
1644098268243372156,"seq: 262
stamp: 
  secs: 1644098268
  nsecs: 242645978
frame_id: ''",42.339555,-71.084478,9.4,328285.7160693751,4689582.031555226,19,T
1644098269245424160,"seq: 263
stamp: 
  secs: 1644098269
  nsecs: 242836475
frame_id: ''",42.339555,-71.084478,9.5,328285.7160693751,4689582.031555226,19,T
1644098270261491970,"seq: 264
stamp: 
  secs: 1644098270
  nsecs: 259812593
frame_id: ''",42.3395566,-71.084478,9.5,328285.72042478167,4689582.209223049,19,T
1644098271243554643,"seq: 265
stamp: 
  secs: 1644098271
  nsecs: 242439270
frame_id: ''",42.3395566,-71.08448,9.6,328285.55566273804,4689582.213262081,19,T
1644098272245669073,"seq: 266
stamp: 
  secs: 1644098272
  nsecs: 244118928
frame_id: ''",42.3395566,-71.08448,9.6,328285.55566273804,4689582.213262081,19,T
1644098273243097410,"seq: 267
stamp: 
  secs: 1644098273
  nsecs: 241828680
frame_id: ''",42.3395566,-71.08448,9.7,328285.55566273804,4689582.213262081,19,T
1644098274243436727,"seq: 268
stamp: 
  secs: 1644098274
  nsecs: 242432117
frame_id: ''",42.3395566,-71.08448,9.7,328285.55566273804,4689582.213262081,19,T
1644098275253139964,"seq: 269
stamp: 
  secs: 1644098275
  nsecs: 251776456
frame_id: ''",42.3395566,-71.08448,9.7,328285.55566273804,4689582.213262081,19,T
1644098276247716238,"seq: 270
stamp: 
  secs: 1644098276
  nsecs: 246397018
frame_id: ''",42.3395566,-71.084481,9.7,328285.47328171507,4689582.215281598,19,T
1644098277263419080,"seq: 271
stamp: 
  secs: 1644098277
  nsecs: 260680675
frame_id: ''",42.3395583,-71.084481,9.7,328285.47790934145,4689582.404053661,19,T
1644098278263316876,"seq: 272
stamp: 
  secs: 1644098278
  nsecs: 260908365
frame_id: ''",42.3395583,-71.084481,9.7,328285.47790934145,4689582.404053661,19,T
1644098279262856368,"seq: 273
stamp: 
  secs: 1644098279
  nsecs: 261651515
frame_id: ''",42.3395583,-71.084481,9.7,328285.47790934145,4689582.404053661,19,T
1644098280244705962,"seq: 274
stamp: 
  secs: 1644098280
  nsecs: 243449449
frame_id: ''",42.3395583,-71.084481,9.7,328285.47790934145,4689582.404053661,19,T
1644098281244405755,"seq: 275
stamp: 
  secs: 1644098281
  nsecs: 243405818
frame_id: ''",42.3395583,-71.084481,9.8,328285.47790934145,4689582.404053661,19,T
1644098282243501678,"seq: 276
stamp: 
  secs: 1644098282
  nsecs: 242708444
frame_id: ''",42.3395583,-71.084481,9.8,328285.47790934145,4689582.404053661,19,T
1644098283245345736,"seq: 277
stamp: 
  secs: 1644098283
  nsecs: 243965864
frame_id: ''",42.3395583,-71.084481,9.8,328285.47790934145,4689582.404053661,19,T
1644098284251344783,"seq: 278
stamp: 
  secs: 1644098284
  nsecs: 248818397
frame_id: ''",42.3395583,-71.084481,9.8,328285.47790934145,4689582.404053661,19,T
1644098285263466158,"seq: 279
stamp: 
  secs: 1644098285
  nsecs: 261892318
frame_id: ''",42.3395583,-71.084481,9.8,328285.47790934145,4689582.404053661,19,T
1644098286244356253,"seq: 280
stamp: 
  secs: 1644098286
  nsecs: 242851734
frame_id: ''",42.3395583,-71.084481,9.8,328285.47790934145,4689582.404053661,19,T
1644098287247244996,"seq: 281
stamp: 
  secs: 1644098287
  nsecs: 245003700
frame_id: ''",42.3395583,-71.084481,9.8,328285.47790934145,4689582.404053661,19,T
1644098288244536159,"seq: 282
stamp: 
  secs: 1644098288
  nsecs: 243345499
frame_id: ''",42.3395583,-71.084481,9.8,328285.47790934145,4689582.404053661,19,T
1644098289257527068,"seq: 283
stamp: 
  secs: 1644098289
  nsecs: 256649255
frame_id: ''",42.3395583,-71.084481,9.9,328285.47790934145,4689582.404053661,19,T
1644098290252241004,"seq: 284
stamp: 
  secs: 1644098290
  nsecs: 249373435
frame_id: ''",42.3395583,-71.084481,9.9,328285.47790934145,4689582.404053661,19,T
1644098291248559000,"seq: 285
stamp: 
  secs: 1644098291
  nsecs: 247506380
frame_id: ''",42.3395583,-71.084481,9.9,328285.47790934145,4689582.404053661,19,T
1644098292253469067,"seq: 286
stamp: 
  secs: 1644098292
  nsecs: 249553680
frame_id: ''",42.3395583,-71.084483,10.0,328285.31314730004,4689582.408092699,19,T
1644098293269862621,"seq: 287
stamp: 
  secs: 1644098293
  nsecs: 267979145
frame_id: ''",42.3395583,-71.084483,10.0,328285.31314730004,4689582.408092699,19,T
1644098294268051938,"seq: 288
stamp: 
  secs: 1644098294
  nsecs: 266577005
frame_id: ''",42.3395583,-71.084483,10.0,328285.31314730004,4689582.408092699,19,T
1644098295251276264,"seq: 289
stamp: 
  secs: 1644098295
  nsecs: 249665498
frame_id: ''",42.3395583,-71.084483,10.0,328285.31314730004,4689582.408092699,19,T
1644098296250974209,"seq: 290
stamp: 
  secs: 1644098296
  nsecs: 249554872
frame_id: ''",42.3395583,-71.084483,10.0,328285.31314730004,4689582.408092699,19,T
1644098297267961996,"seq: 291
stamp: 
  secs: 1644098297
  nsecs: 266613721
frame_id: ''",42.3395583,-71.084483,10.0,328285.31314730004,4689582.408092699,19,T
1644098298247721160,"seq: 292
stamp: 
  secs: 1644098298
  nsecs: 246225833
frame_id: ''",42.33956,-71.084483,10.0,328285.31777493097,4689582.59686476,19,T
1644098299247560030,"seq: 293
stamp: 
  secs: 1644098299
  nsecs: 246274709
frame_id: ''",42.33956,-71.084483,10.0,328285.31777493097,4689582.59686476,19,T
1644098300264711007,"seq: 294
stamp: 
  secs: 1644098300
  nsecs: 263322591
frame_id: ''",42.33956,-71.084483,10.0,328285.31777493097,4689582.59686476,19,T
1644098301248622556,"seq: 295
stamp: 
  secs: 1644098301
  nsecs: 245385169
frame_id: ''",42.33956,-71.084483,10.0,328285.31777493097,4689582.59686476,19,T
1644098302247930427,"seq: 296
stamp: 
  secs: 1644098302
  nsecs: 245605945
frame_id: ''",42.33956,-71.084483,10.0,328285.31777493097,4689582.59686476,19,T
1644098303267433467,"seq: 297
stamp: 
  secs: 1644098303
  nsecs: 264341354
frame_id: ''",42.33956,-71.084483,10.0,328285.31777493097,4689582.59686476,19,T
1644098304249403256,"seq: 298
stamp: 
  secs: 1644098304
  nsecs: 246560573
frame_id: ''",42.33956,-71.084483,10.0,328285.31777493097,4689582.59686476,19,T
1644098305247434323,"seq: 299
stamp: 
  secs: 1644098305
  nsecs: 245849609
frame_id: ''",42.33956,-71.084483,10.0,328285.31777493097,4689582.59686476,19,T
1644098306248145679,"seq: 300
stamp: 
  secs: 1644098306
  nsecs: 246959209
frame_id: ''",42.33956,-71.084483,10.0,328285.31777493097,4689582.59686476,19,T
1644098307249825692,"seq: 301
stamp: 
  secs: 1644098307
  nsecs: 247454404
frame_id: ''",42.33956,-71.084483,10.0,328285.31777493097,4689582.59686476,19,T
1644098308248294561,"seq: 302
stamp: 
  secs: 1644098308
  nsecs: 246897459
frame_id: ''",42.33956,-71.084483,10.0,328285.31777493097,4689582.59686476,19,T
1644098309246962144,"seq: 303
stamp: 
  secs: 1644098309
  nsecs: 245948553
frame_id: ''",42.33956,-71.084483,10.0,328285.31777493097,4689582.59686476,19,T
1644098310266925490,"seq: 304
stamp: 
  secs: 1644098310
  nsecs: 265978336
frame_id: ''",42.33956,-71.084483,10.1,328285.31777493097,4689582.59686476,19,T
1644098311268907640,"seq: 305
stamp: 
  secs: 1644098311
  nsecs: 265036344
frame_id: ''",42.33956,-71.084483,10.1,328285.31777493097,4689582.59686476,19,T
1644098312248281588,"seq: 306
stamp: 
  secs: 1644098312
  nsecs: 246793508
frame_id: ''",42.33956,-71.084483,10.1,328285.31777493097,4689582.59686476,19,T
1644098313265519754,"seq: 307
stamp: 
  secs: 1644098313
  nsecs: 264018774
frame_id: ''",42.33956,-71.084483,10.1,328285.31777493097,4689582.59686476,19,T
1644098314264689559,"seq: 308
stamp: 
  secs: 1644098314
  nsecs: 263586759
frame_id: ''",42.33956,-71.084483,10.1,328285.31777493097,4689582.59686476,19,T
1644098315250993969,"seq: 309
stamp: 
  secs: 1644098315
  nsecs: 249344587
frame_id: ''",42.33956,-71.084483,10.1,328285.31777493097,4689582.59686476,19,T
1644098316264821307,"seq: 310
stamp: 
  secs: 1644098316
  nsecs: 263725280
frame_id: ''",42.33956,-71.084483,10.1,328285.31777493097,4689582.59686476,19,T
1644098317248316107,"seq: 311
stamp: 
  secs: 1644098317
  nsecs: 247440814
frame_id: ''",42.33956,-71.084483,10.1,328285.31777493097,4689582.59686476,19,T
1644098318247737469,"seq: 312
stamp: 
  secs: 1644098318
  nsecs: 246265411
frame_id: ''",42.33956,-71.084483,10.1,328285.31777493097,4689582.59686476,19,T
1644098319247528679,"seq: 313
stamp: 
  secs: 1644098319
  nsecs: 246342897
frame_id: ''",42.33956,-71.084483,10.1,328285.31777493097,4689582.59686476,19,T
1644098320265640320,"seq: 314
stamp: 
  secs: 1644098320
  nsecs: 263768672
frame_id: ''",42.33956,-71.084483,10.1,328285.31777493097,4689582.59686476,19,T
1644098321257335658,"seq: 315
stamp: 
  secs: 1644098321
  nsecs: 255615472
frame_id: ''",42.33956,-71.084483,10.1,328285.31777493097,4689582.59686476,19,T
1644098322251008173,"seq: 316
stamp: 
  secs: 1644098322
  nsecs: 249526023
frame_id: ''",42.33956,-71.084483,10.1,328285.31777493097,4689582.59686476,19,T
1644098323254577426,"seq: 317
stamp: 
  secs: 1644098323
  nsecs: 251782655
frame_id: ''",42.33956,-71.084483,10.1,328285.31777493097,4689582.59686476,19,T
1644098324253121857,"seq: 318
stamp: 
  secs: 1644098324
  nsecs: 251167535
frame_id: ''",42.33956,-71.084483,10.1,328285.31777493097,4689582.59686476,19,T
1644098325251528800,"seq: 319
stamp: 
  secs: 1644098325
  nsecs: 250200271
frame_id: ''",42.33956,-71.084483,10.1,328285.31777493097,4689582.59686476,19,T
1644098326250156786,"seq: 320
stamp: 
  secs: 1644098326
  nsecs: 249013185
frame_id: ''",42.33956,-71.084483,10.1,328285.31777493097,4689582.59686476,19,T
1644098327268333942,"seq: 321
stamp: 
  secs: 1644098327
  nsecs: 265211820
frame_id: ''",42.33956,-71.084483,10.1,328285.31777493097,4689582.59686476,19,T
1644098328248261541,"seq: 322
stamp: 
  secs: 1644098328
  nsecs: 246992349
frame_id: ''",42.33956,-71.084483,10.1,328285.31777493097,4689582.59686476,19,T
1644098329268168820,"seq: 323
stamp: 
  secs: 1644098329
  nsecs: 265282869
frame_id: ''",42.33956,-71.084483,10.1,328285.31777493097,4689582.59686476,19,T
1644098330265583534,"seq: 324
stamp: 
  secs: 1644098330
  nsecs: 264635324
frame_id: ''",42.33956,-71.084483,10.1,328285.31777493097,4689582.59686476,19,T
1644098331253804502,"seq: 325
stamp: 
  secs: 1644098331
  nsecs: 253048419
frame_id: ''",42.33956,-71.084483,10.1,328285.31777493097,4689582.59686476,19,T
1644098332249287729,"seq: 326
stamp: 
  secs: 1644098332
  nsecs: 247759819
frame_id: ''",42.33956,-71.084483,10.1,328285.31777493097,4689582.59686476,19,T
1644098333247528884,"seq: 327
stamp: 
  secs: 1644098333
  nsecs: 245830059
frame_id: ''",42.33956,-71.084483,10.2,328285.31777493097,4689582.59686476,19,T
1644098334247610810,"seq: 328
stamp: 
  secs: 1644098334
  nsecs: 246771097
frame_id: ''",42.33956,-71.084483,10.2,328285.31777493097,4689582.59686476,19,T
1644098335248908154,"seq: 329
stamp: 
  secs: 1644098335
  nsecs: 247453689
frame_id: ''",42.33956,-71.084483,10.2,328285.31777493097,4689582.59686476,19,T
1644098336267074765,"seq: 330
stamp: 
  secs: 1644098336
  nsecs: 265580654
frame_id: ''",42.33956,-71.084483,10.2,328285.31777493097,4689582.59686476,19,T
1644098337246821358,"seq: 331
stamp: 
  secs: 1644098337
  nsecs: 246383428
frame_id: ''",42.33956,-71.084483,10.2,328285.31777493097,4689582.59686476,19,T
1644098338247220030,"seq: 332
stamp: 
  secs: 1644098338
  nsecs: 245970487
frame_id: ''",42.33956,-71.084483,10.2,328285.31777493097,4689582.59686476,19,T
1644098339250420056,"seq: 333
stamp: 
  secs: 1644098339
  nsecs: 248239517
frame_id: ''",42.33956,-71.084483,10.2,328285.31777493097,4689582.59686476,19,T
1644098340250001283,"seq: 334
stamp: 
  secs: 1644098340
  nsecs: 248293638
frame_id: ''",42.33956,-71.084483,10.2,328285.31777493097,4689582.59686476,19,T
1644098341249681857,"seq: 335
stamp: 
  secs: 1644098341
  nsecs: 247956752
frame_id: ''",42.33956,-71.084483,10.2,328285.31777493097,4689582.59686476,19,T
1644098342248563219,"seq: 336
stamp: 
  secs: 1644098342
  nsecs: 246888637
frame_id: ''",42.33956,-71.084483,10.2,328285.31777493097,4689582.59686476,19,T
1644098343249291980,"seq: 337
stamp: 
  secs: 1644098343
  nsecs: 247538089
frame_id: ''",42.33956,-71.084483,10.2,328285.31777493097,4689582.59686476,19,T
1644098344267262405,"seq: 338
stamp: 
  secs: 1644098344
  nsecs: 265589714
frame_id: ''",42.33956,-71.084483,10.2,328285.31777493097,4689582.59686476,19,T
1644098345266565001,"seq: 339
stamp: 
  secs: 1644098345
  nsecs: 265143632
frame_id: ''",42.33956,-71.084483,10.2,328285.31777493097,4689582.59686476,19,T
1644098346247929743,"seq: 340
stamp: 
  secs: 1644098346
  nsecs: 246629714
frame_id: ''",42.33956,-71.084483,10.2,328285.31777493097,4689582.59686476,19,T
1644098347266979587,"seq: 341
stamp: 
  secs: 1644098347
  nsecs: 265876770
frame_id: ''",42.33956,-71.084483,10.2,328285.31777493097,4689582.59686476,19,T
1644098348255053350,"seq: 342
stamp: 
  secs: 1644098348
  nsecs: 253698587
frame_id: ''",42.33956,-71.084483,10.2,328285.31777493097,4689582.59686476,19,T
1644098349248400219,"seq: 343
stamp: 
  secs: 1644098349
  nsecs: 247633695
frame_id: ''",42.33956,-71.084483,10.2,328285.31777493097,4689582.59686476,19,T
1644098350250738474,"seq: 344
stamp: 
  secs: 1644098350
  nsecs: 249512434
frame_id: ''",42.33956,-71.084483,10.2,328285.31777493097,4689582.59686476,19,T
1644098351269742336,"seq: 345
stamp: 
  secs: 1644098351
  nsecs: 268861532
frame_id: ''",42.33956,-71.084483,10.2,328285.31777493097,4689582.59686476,19,T
1644098352250915835,"seq: 346
stamp: 
  secs: 1644098352
  nsecs: 250077724
frame_id: ''",42.33956,-71.084483,10.3,328285.31777493097,4689582.59686476,19,T
1644098353252110320,"seq: 347
stamp: 
  secs: 1644098353
  nsecs: 250992536
frame_id: ''",42.33956,-71.084483,10.3,328285.31777493097,4689582.59686476,19,T
1644098354274416844,"seq: 348
stamp: 
  secs: 1644098354
  nsecs: 272767543
frame_id: ''",42.33956,-71.084483,10.3,328285.31777493097,4689582.59686476,19,T
1644098355250316516,"seq: 349
stamp: 
  secs: 1644098355
  nsecs: 249733448
frame_id: ''",42.33956,-71.084483,10.3,328285.31777493097,4689582.59686476,19,T
1644098356251578348,"seq: 350
stamp: 
  secs: 1644098356
  nsecs: 250268459
frame_id: ''",42.33956,-71.084483,10.3,328285.31777493097,4689582.59686476,19,T
1644098357250811838,"seq: 351
stamp: 
  secs: 1644098357
  nsecs: 250108003
frame_id: ''",42.33956,-71.084483,10.3,328285.31777493097,4689582.59686476,19,T
1644098358249967149,"seq: 352
stamp: 
  secs: 1644098358
  nsecs: 248735427
frame_id: ''",42.33956,-71.084483,10.3,328285.31777493097,4689582.59686476,19,T
1644098359259186273,"seq: 353
stamp: 
  secs: 1644098359
  nsecs: 258029222
frame_id: ''",42.33956,-71.084483,10.3,328285.31777493097,4689582.59686476,19,T
1644098360251640816,"seq: 354
stamp: 
  secs: 1644098360
  nsecs: 250578403
frame_id: ''",42.33956,-71.084483,10.3,328285.31777493097,4689582.59686476,19,T
1644098361268307170,"seq: 355
stamp: 
  secs: 1644098361
  nsecs: 267027616
frame_id: ''",42.33956,-71.084483,10.3,328285.31777493097,4689582.59686476,19,T
1644098362268492872,"seq: 356
stamp: 
  secs: 1644098362
  nsecs: 267239332
frame_id: ''",42.33956,-71.084483,10.3,328285.31777493097,4689582.59686476,19,T
1644098363250494591,"seq: 357
stamp: 
  secs: 1644098363
  nsecs: 249174118
frame_id: ''",42.33956,-71.084483,10.3,328285.31777493097,4689582.59686476,19,T
1644098364270535362,"seq: 358
stamp: 
  secs: 1644098364
  nsecs: 269646167
frame_id: ''",42.33956,-71.084483,10.3,328285.31777493097,4689582.59686476,19,T
1644098365266846938,"seq: 359
stamp: 
  secs: 1644098365
  nsecs: 265539884
frame_id: ''",42.33956,-71.084483,10.3,328285.31777493097,4689582.59686476,19,T
1644098366247858482,"seq: 360
stamp: 
  secs: 1644098366
  nsecs: 246504306
frame_id: ''",42.33956,-71.084483,10.3,328285.31777493097,4689582.59686476,19,T
1644098367266417376,"seq: 361
stamp: 
  secs: 1644098367
  nsecs: 264984607
frame_id: ''",42.33956,-71.084483,10.3,328285.31777493097,4689582.59686476,19,T
1644098368250985756,"seq: 362
stamp: 
  secs: 1644098368
  nsecs: 247357130
frame_id: ''",42.33956,-71.084483,10.3,328285.31777493097,4689582.59686476,19,T
1644098369248069045,"seq: 363
stamp: 
  secs: 1644098369
  nsecs: 246165990
frame_id: ''",42.33956,-71.084483,10.3,328285.31777493097,4689582.59686476,19,T
1644098370248165749,"seq: 364
stamp: 
  secs: 1644098370
  nsecs: 246779441
frame_id: ''",42.33956,-71.084483,10.3,328285.31777493097,4689582.59686476,19,T
1644098371270254054,"seq: 365
stamp: 
  secs: 1644098371
  nsecs: 268877029
frame_id: ''",42.33956,-71.084483,10.3,328285.31777493097,4689582.59686476,19,T
1644098372249273946,"seq: 366
stamp: 
  secs: 1644098372
  nsecs: 247731685
frame_id: ''",42.33956,-71.084483,10.3,328285.31777493097,4689582.59686476,19,T
1644098373250095178,"seq: 367
stamp: 
  secs: 1644098373
  nsecs: 247695446
frame_id: ''",42.33956,-71.084483,10.4,328285.31777493097,4689582.59686476,19,T
1644098374246996705,"seq: 368
stamp: 
  secs: 1644098374
  nsecs: 245362281
frame_id: ''",42.33956,-71.084483,10.4,328285.31777493097,4689582.59686476,19,T
1644098375257245410,"seq: 369
stamp: 
  secs: 1644098375
  nsecs: 255741119
frame_id: ''",42.33956,-71.084483,10.4,328285.31777493097,4689582.59686476,19,T
1644098376248390662,"seq: 370
stamp: 
  secs: 1644098376
  nsecs: 246631622
frame_id: ''",42.33956,-71.084483,10.4,328285.31777493097,4689582.59686476,19,T
1644098377257711312,"seq: 371
stamp: 
  secs: 1644098377
  nsecs: 256047010
frame_id: ''",42.33956,-71.084483,10.4,328285.31777493097,4689582.59686476,19,T
1644098378270800749,"seq: 372
stamp: 
  secs: 1644098378
  nsecs: 268685340
frame_id: ''",42.3395616,-71.084483,10.4,328285.3221303484,4689582.774532582,19,T
1644098379252645159,"seq: 373
stamp: 
  secs: 1644098379
  nsecs: 251101970
frame_id: ''",42.3395616,-71.084483,10.4,328285.3221303484,4689582.774532582,19,T
1644098380271577284,"seq: 374
stamp: 
  secs: 1644098380
  nsecs: 270087003
frame_id: ''",42.3395616,-71.084483,10.4,328285.3221303484,4689582.774532582,19,T
1644098381271651334,"seq: 375
stamp: 
  secs: 1644098381
  nsecs: 269994974
frame_id: ''",42.3395616,-71.084483,10.4,328285.3221303484,4689582.774532582,19,T
1644098382254299553,"seq: 376
stamp: 
  secs: 1644098382
  nsecs: 251051664
frame_id: ''",42.3395616,-71.084483,10.4,328285.3221303484,4689582.774532582,19,T
1644098383254864137,"seq: 377
stamp: 
  secs: 1644098383
  nsecs: 253341674
frame_id: ''",42.3395616,-71.084483,10.4,328285.3221303484,4689582.774532582,19,T
1644098384252150785,"seq: 378
stamp: 
  secs: 1644098384
  nsecs: 250571012
frame_id: ''",42.3395616,-71.084483,10.4,328285.3221303484,4689582.774532582,19,T
1644098385250914752,"seq: 379
stamp: 
  secs: 1644098385
  nsecs: 249311685
frame_id: ''",42.3395616,-71.084483,10.4,328285.3221303484,4689582.774532582,19,T
1644098386248177024,"seq: 380
stamp: 
  secs: 1644098386
  nsecs: 247390270
frame_id: ''",42.3395616,-71.084483,10.4,328285.3221303484,4689582.774532582,19,T
1644098387276125861,"seq: 381
stamp: 
  secs: 1644098387
  nsecs: 273197650
frame_id: ''",42.3395616,-71.084483,10.4,328285.3221303484,4689582.774532582,19,T
1644098388252933559,"seq: 382
stamp: 
  secs: 1644098388
  nsecs: 251156330
frame_id: ''",42.3395616,-71.084483,10.4,328285.3221303484,4689582.774532582,19,T
1644098389253294816,"seq: 383
stamp: 
  secs: 1644098389
  nsecs: 251987218
frame_id: ''",42.3395616,-71.084483,10.4,328285.3221303484,4689582.774532582,19,T
1644098390247471531,"seq: 384
stamp: 
  secs: 1644098390
  nsecs: 245923042
frame_id: ''",42.3395616,-71.084483,10.4,328285.3221303484,4689582.774532582,19,T
1644098391248377931,"seq: 385
stamp: 
  secs: 1644098391
  nsecs: 247402667
frame_id: ''",42.3395616,-71.084483,10.4,328285.3221303484,4689582.774532582,19,T
1644098392248922913,"seq: 386
stamp: 
  secs: 1644098392
  nsecs: 247313499
frame_id: ''",42.3395616,-71.084483,10.4,328285.3221303484,4689582.774532582,19,T
1644098393247174023,"seq: 387
stamp: 
  secs: 1644098393
  nsecs: 245742559
frame_id: ''",42.3395616,-71.084483,10.5,328285.3221303484,4689582.774532582,19,T
1644098394267518362,"seq: 388
stamp: 
  secs: 1644098394
  nsecs: 266119480
frame_id: ''",42.3395616,-71.084483,10.5,328285.3221303484,4689582.774532582,19,T
1644098395266567596,"seq: 389
stamp: 
  secs: 1644098395
  nsecs: 265392065
frame_id: ''",42.3395616,-71.084483,10.5,328285.3221303484,4689582.774532582,19,T
1644098396251686196,"seq: 390
stamp: 
  secs: 1644098396
  nsecs: 250902414
frame_id: ''",42.3395616,-71.084483,10.5,328285.3221303484,4689582.774532582,19,T
1644098397244123844,"seq: 391
stamp: 
  secs: 1644098397
  nsecs: 242812395
frame_id: ''",42.3395616,-71.084483,10.5,328285.3221303484,4689582.774532582,19,T
1644098398259591846,"seq: 392
stamp: 
  secs: 1644098398
  nsecs: 258816480
frame_id: ''",42.3395616,-71.084483,10.5,328285.3221303484,4689582.774532582,19,T
1644098399247514642,"seq: 393
stamp: 
  secs: 1644098399
  nsecs: 246490955
frame_id: ''",42.3395616,-71.084483,10.5,328285.3221303484,4689582.774532582,19,T
1644098400246649171,"seq: 394
stamp: 
  secs: 1644098400
  nsecs: 245588064
frame_id: ''",42.3395616,-71.084483,10.5,328285.3221303484,4689582.774532582,19,T
1644098401250183634,"seq: 395
stamp: 
  secs: 1644098401
  nsecs: 249284267
frame_id: ''",42.3395616,-71.084483,10.5,328285.3221303484,4689582.774532582,19,T
1644098402269058204,"seq: 396
stamp: 
  secs: 1644098402
  nsecs: 265680551
frame_id: ''",42.3395616,-71.084483,10.5,328285.3221303484,4689582.774532582,19,T
1644098403248137877,"seq: 397
stamp: 
  secs: 1644098403
  nsecs: 247175693
frame_id: ''",42.3395616,-71.084483,10.5,328285.3221303484,4689582.774532582,19,T
1644098404266773334,"seq: 398
stamp: 
  secs: 1644098404
  nsecs: 266061067
frame_id: ''",42.3395616,-71.084483,10.5,328285.3221303484,4689582.774532582,19,T
1644098405251089413,"seq: 399
stamp: 
  secs: 1644098405
  nsecs: 249929904
frame_id: ''",42.3395616,-71.084483,10.5,328285.3221303484,4689582.774532582,19,T
1644098406258548964,"seq: 400
stamp: 
  secs: 1644098406
  nsecs: 257400035
frame_id: ''",42.3395616,-71.084483,10.5,328285.3221303484,4689582.774532582,19,T
1644098407254551537,"seq: 401
stamp: 
  secs: 1644098407
  nsecs: 253183603
frame_id: ''",42.3395616,-71.084485,10.5,328285.1573683156,4689582.778571624,19,T
1644098408250401866,"seq: 402
stamp: 
  secs: 1644098408
  nsecs: 249109983
frame_id: ''",42.3395616,-71.084485,10.5,328285.1573683156,4689582.778571624,19,T
1644098409250493847,"seq: 403
stamp: 
  secs: 1644098409
  nsecs: 249124288
frame_id: ''",42.3395616,-71.084485,10.5,328285.1573683156,4689582.778571624,19,T
1644098410253030911,"seq: 404
stamp: 
  secs: 1644098410
  nsecs: 251503467
frame_id: ''",42.3395616,-71.084485,10.6,328285.1573683156,4689582.778571624,19,T
1644098411254956026,"seq: 405
stamp: 
  secs: 1644098411
  nsecs: 251719236
frame_id: ''",42.3395616,-71.084485,10.6,328285.1573683156,4689582.778571624,19,T
1644098412270265402,"seq: 406
stamp: 
  secs: 1644098412
  nsecs: 269619464
frame_id: ''",42.3395616,-71.084483,10.6,328285.3221303484,4689582.774532582,19,T
1644098413271907191,"seq: 407
stamp: 
  secs: 1644098413
  nsecs: 270508766
frame_id: ''",42.3395616,-71.084483,10.6,328285.3221303484,4689582.774532582,19,T
1644098414273005183,"seq: 408
stamp: 
  secs: 1644098414
  nsecs: 271370410
frame_id: ''",42.3395616,-71.084483,10.6,328285.3221303484,4689582.774532582,19,T
1644098415253810238,"seq: 409
stamp: 
  secs: 1644098415
  nsecs: 252189636
frame_id: ''",42.3395616,-71.084483,10.6,328285.3221303484,4689582.774532582,19,T
1644098416274411159,"seq: 410
stamp: 
  secs: 1644098416
  nsecs: 271528720
frame_id: ''",42.3395616,-71.084483,10.6,328285.3221303484,4689582.774532582,19,T
1644098417273297777,"seq: 411
stamp: 
  secs: 1644098417
  nsecs: 270253896
frame_id: ''",42.3395616,-71.084483,10.6,328285.3221303484,4689582.774532582,19,T
1644098418252378689,"seq: 412
stamp: 
  secs: 1644098418
  nsecs: 251627683
frame_id: ''",42.3395616,-71.084483,10.6,328285.3221303484,4689582.774532582,19,T
1644098419254080169,"seq: 413
stamp: 
  secs: 1644098419
  nsecs: 253430366
frame_id: ''",42.3395616,-71.084483,10.6,328285.3221303484,4689582.774532582,19,T
1644098420262488880,"seq: 414
stamp: 
  secs: 1644098420
  nsecs: 261373281
frame_id: ''",42.3395616,-71.084483,10.6,328285.3221303484,4689582.774532582,19,T
1644098421251510070,"seq: 415
stamp: 
  secs: 1644098421
  nsecs: 250774383
frame_id: ''",42.3395616,-71.084483,10.6,328285.3221303484,4689582.774532582,19,T
1644098422267830269,"seq: 416
stamp: 
  secs: 1644098422
  nsecs: 265999555
frame_id: ''",42.3395616,-71.084483,10.6,328285.3221303484,4689582.774532582,19,T
1644098423252886833,"seq: 417
stamp: 
  secs: 1644098423
  nsecs: 249692440
frame_id: ''",42.3395616,-71.084483,10.6,328285.3221303484,4689582.774532582,19,T
1644098424253142620,"seq: 418
stamp: 
  secs: 1644098424
  nsecs: 251666069
frame_id: ''",42.3395616,-71.084483,10.6,328285.3221303484,4689582.774532582,19,T
1644098425249889175,"seq: 419
stamp: 
  secs: 1644098425
  nsecs: 247797727
frame_id: ''",42.3395616,-71.084483,10.6,328285.3221303484,4689582.774532582,19,T
1644098426249331208,"seq: 420
stamp: 
  secs: 1644098426
  nsecs: 247680664
frame_id: ''",42.3395616,-71.084483,10.6,328285.3221303484,4689582.774532582,19,T
1644098427248572630,"seq: 421
stamp: 
  secs: 1644098427
  nsecs: 247490644
frame_id: ''",42.3395616,-71.084483,10.6,328285.3221303484,4689582.774532582,19,T
1644098428274507692,"seq: 422
stamp: 
  secs: 1644098428
  nsecs: 272988557
frame_id: ''",42.3395616,-71.084483,10.7,328285.3221303484,4689582.774532582,19,T
1644098429247905704,"seq: 423
stamp: 
  secs: 1644098429
  nsecs: 246592521
frame_id: ''",42.3395616,-71.084483,10.7,328285.3221303484,4689582.774532582,19,T
1644098430250117398,"seq: 424
stamp: 
  secs: 1644098430
  nsecs: 247650384
frame_id: ''",42.3395616,-71.084483,10.7,328285.3221303484,4689582.774532582,19,T
1644098431295783973,"seq: 425
stamp: 
  secs: 1644098431
  nsecs: 294262170
frame_id: ''",42.3395616,-71.084483,10.8,328285.3221303484,4689582.774532582,19,T
1644098432267818134,"seq: 426
stamp: 
  secs: 1644098432
  nsecs: 266418695
frame_id: ''",42.3395616,-71.084483,10.8,328285.3221303484,4689582.774532582,19,T
1644098433249144492,"seq: 427
stamp: 
  secs: 1644098433
  nsecs: 247707128
frame_id: ''",42.3395616,-71.084483,10.9,328285.3221303484,4689582.774532582,19,T
1644098434249084715,"seq: 428
stamp: 
  secs: 1644098434
  nsecs: 246779680
frame_id: ''",42.3395616,-71.084483,10.9,328285.3221303484,4689582.774532582,19,T
1644098435252899629,"seq: 429
stamp: 
  secs: 1644098435
  nsecs: 249740123
frame_id: ''",42.3395616,-71.084483,11.0,328285.3221303484,4689582.774532582,19,T
1644098436255873324,"seq: 430
stamp: 
  secs: 1644098436
  nsecs: 253509283
frame_id: ''",42.3395616,-71.084483,11.1,328285.3221303484,4689582.774532582,19,T
1644098437252441600,"seq: 431
stamp: 
  secs: 1644098437
  nsecs: 250062942
frame_id: ''",42.3395616,-71.084483,11.1,328285.3221303484,4689582.774532582,19,T
1644098438266588381,"seq: 432
stamp: 
  secs: 1644098438
  nsecs: 265370368
frame_id: ''",42.3395633,-71.084483,11.1,328285.32675797964,4689582.963304643,19,T
1644098439249735934,"seq: 433
stamp: 
  secs: 1644098439
  nsecs: 248268604
frame_id: ''",42.3395633,-71.084483,11.2,328285.32675797964,4689582.963304643,19,T
1644098440259321577,"seq: 434
stamp: 
  secs: 1644098440
  nsecs: 258183479
frame_id: ''",42.3395633,-71.084483,11.1,328285.32675797964,4689582.963304643,19,T
1644098441254412693,"seq: 435
stamp: 
  secs: 1644098441
  nsecs: 253533124
frame_id: ''",42.3395633,-71.084483,11.1,328285.32675797964,4689582.963304643,19,T
1644098442253963477,"seq: 436
stamp: 
  secs: 1644098442
  nsecs: 253166675
frame_id: ''",42.3395633,-71.084483,11.2,328285.32675797964,4689582.963304643,19,T
1644098443254577194,"seq: 437
stamp: 
  secs: 1644098443
  nsecs: 253191232
frame_id: ''",42.3395633,-71.084483,11.2,328285.32675797964,4689582.963304643,19,T
1644098444254489385,"seq: 438
stamp: 
  secs: 1644098444
  nsecs: 253013134
frame_id: ''",42.3395633,-71.084483,11.2,328285.32675797964,4689582.963304643,19,T
1644098445272253007,"seq: 439
stamp: 
  secs: 1644098445
  nsecs: 271008968
frame_id: ''",42.3395633,-71.084483,11.2,328285.32675797964,4689582.963304643,19,T
1644098446267977325,"seq: 440
stamp: 
  secs: 1644098446
  nsecs: 267154932
frame_id: ''",42.3395633,-71.084483,11.2,328285.32675797964,4689582.963304643,19,T
1644098447253016313,"seq: 441
stamp: 
  secs: 1644098447
  nsecs: 251293897
frame_id: ''",42.3395633,-71.084483,11.2,328285.32675797964,4689582.963304643,19,T
1644098448254942681,"seq: 442
stamp: 
  secs: 1644098448
  nsecs: 253875970
frame_id: ''",42.3395633,-71.084483,11.2,328285.32675797964,4689582.963304643,19,T
1644098449269856697,"seq: 443
stamp: 
  secs: 1644098449
  nsecs: 268641233
frame_id: ''",42.3395633,-71.084483,11.2,328285.32675797964,4689582.963304643,19,T
1644098450252079867,"seq: 444
stamp: 
  secs: 1644098450
  nsecs: 251049041
frame_id: ''",42.3395633,-71.084483,11.2,328285.32675797964,4689582.963304643,19,T
1644098451252519555,"seq: 445
stamp: 
  secs: 1644098451
  nsecs: 251254558
frame_id: ''",42.3395633,-71.084483,11.2,328285.32675797964,4689582.963304643,19,T
1644098452266085233,"seq: 446
stamp: 
  secs: 1644098452
  nsecs: 264748811
frame_id: ''",42.3395633,-71.084483,11.2,328285.32675797964,4689582.963304643,19,T
1644098453253451823,"seq: 447
stamp: 
  secs: 1644098453
  nsecs: 252236366
frame_id: ''",42.3395633,-71.084483,11.2,328285.32675797964,4689582.963304643,19,T
1644098454269557919,"seq: 448
stamp: 
  secs: 1644098454
  nsecs: 268411397
frame_id: ''",42.3395633,-71.084483,11.2,328285.32675797964,4689582.963304643,19,T
1644098455254117847,"seq: 449
stamp: 
  secs: 1644098455
  nsecs: 252320051
frame_id: ''",42.3395633,-71.084483,11.2,328285.32675797964,4689582.963304643,19,T
1644098456253517982,"seq: 450
stamp: 
  secs: 1644098456
  nsecs: 251222133
frame_id: ''",42.3395633,-71.084483,11.3,328285.32675797964,4689582.963304643,19,T
1644098457249066896,"seq: 451
stamp: 
  secs: 1644098457
  nsecs: 247306585
frame_id: ''",42.3395633,-71.084483,11.3,328285.32675797964,4689582.963304643,19,T
1644098458249448869,"seq: 452
stamp: 
  secs: 1644098458
  nsecs: 247480630
frame_id: ''",42.3395633,-71.084483,11.3,328285.32675797964,4689582.963304643,19,T
1644098459249916043,"seq: 453
stamp: 
  secs: 1644098459
  nsecs: 248163700
frame_id: ''",42.3395633,-71.084483,11.3,328285.32675797964,4689582.963304643,19,T
1644098460257629809,"seq: 454
stamp: 
  secs: 1644098460
  nsecs: 255541563
frame_id: ''",42.3395633,-71.084483,11.3,328285.32675797964,4689582.963304643,19,T
1644098461269260306,"seq: 455
stamp: 
  secs: 1644098461
  nsecs: 267462730
frame_id: ''",42.3395633,-71.084483,11.3,328285.32675797964,4689582.963304643,19,T
1644098462273989419,"seq: 456
stamp: 
  secs: 1644098462
  nsecs: 269506216
frame_id: ''",42.3395633,-71.084483,11.3,328285.32675797964,4689582.963304643,19,T
1644098463269503613,"seq: 457
stamp: 
  secs: 1644098463
  nsecs: 268378734
frame_id: ''",42.3395633,-71.084483,11.3,328285.32675797964,4689582.963304643,19,T
1644098464253742058,"seq: 458
stamp: 
  secs: 1644098464
  nsecs: 252009630
frame_id: ''",42.3395633,-71.084483,11.3,328285.32675797964,4689582.963304643,19,T
1644098465278760844,"seq: 459
stamp: 
  secs: 1644098465
  nsecs: 276254653
frame_id: ''",42.3395633,-71.084483,11.3,328285.32675797964,4689582.963304643,19,T
1644098466270806950,"seq: 460
stamp: 
  secs: 1644098466
  nsecs: 269323825
frame_id: ''",42.3395633,-71.084483,11.3,328285.32675797964,4689582.963304643,19,T
1644098467270564691,"seq: 461
stamp: 
  secs: 1644098467
  nsecs: 269329071
frame_id: ''",42.3395633,-71.084483,11.3,328285.32675797964,4689582.963304643,19,T
1644098468251229107,"seq: 462
stamp: 
  secs: 1644098468
  nsecs: 248863220
frame_id: ''",42.3395633,-71.084483,11.3,328285.32675797964,4689582.963304643,19,T
1644098469251724359,"seq: 463
stamp: 
  secs: 1644098469
  nsecs: 248225688
frame_id: ''",42.3395633,-71.084483,11.3,328285.32675797964,4689582.963304643,19,T
1644098470249920896,"seq: 464
stamp: 
  secs: 1644098470
  nsecs: 247224569
frame_id: ''",42.3395633,-71.084483,11.3,328285.32675797964,4689582.963304643,19,T
1644098471250251945,"seq: 465
stamp: 
  secs: 1644098471
  nsecs: 248722314
frame_id: ''",42.3395633,-71.084483,11.3,328285.32675797964,4689582.963304643,19,T
1644098472269094780,"seq: 466
stamp: 
  secs: 1644098472
  nsecs: 265647411
frame_id: ''",42.3395633,-71.084483,11.3,328285.32675797964,4689582.963304643,19,T
1644098473252705380,"seq: 467
stamp: 
  secs: 1644098473
  nsecs: 249737977
frame_id: ''",42.3395633,-71.084483,11.3,328285.32675797964,4689582.963304643,19,T
1644098474248812313,"seq: 468
stamp: 
  secs: 1644098474
  nsecs: 247612476
frame_id: ''",42.3395633,-71.084483,11.3,328285.32675797964,4689582.963304643,19,T
1644098475250322371,"seq: 469
stamp: 
  secs: 1644098475
  nsecs: 248935699
frame_id: ''",42.3395633,-71.084483,11.3,328285.32675797964,4689582.963304643,19,T
1644098476260114877,"seq: 470
stamp: 
  secs: 1644098476
  nsecs: 257266283
frame_id: ''",42.3395633,-71.084483,11.4,328285.32675797964,4689582.963304643,19,T
1644098477249134712,"seq: 471
stamp: 
  secs: 1644098477
  nsecs: 247541666
frame_id: ''",42.3395633,-71.084483,11.4,328285.32675797964,4689582.963304643,19,T
1644098478249650248,"seq: 472
stamp: 
  secs: 1644098478
  nsecs: 248172521
frame_id: ''",42.3395633,-71.084483,11.4,328285.32675797964,4689582.963304643,19,T
1644098479251661525,"seq: 473
stamp: 
  secs: 1644098479
  nsecs: 250989913
frame_id: ''",42.3395633,-71.084483,11.4,328285.32675797964,4689582.963304643,19,T
1644098480270315733,"seq: 474
stamp: 
  secs: 1644098480
  nsecs: 269070625
frame_id: ''",42.3395633,-71.084483,11.4,328285.32675797964,4689582.963304643,19,T
1644098481259742073,"seq: 475
stamp: 
  secs: 1644098481
  nsecs: 257262229
frame_id: ''",42.3395633,-71.084483,11.4,328285.32675797964,4689582.963304643,19,T
1644098482255170609,"seq: 476
stamp: 
  secs: 1644098482
  nsecs: 251435756
frame_id: ''",42.3395633,-71.084483,11.4,328285.32675797964,4689582.963304643,19,T
1644098483253210678,"seq: 477
stamp: 
  secs: 1644098483
  nsecs: 251785039
frame_id: ''",42.3395633,-71.084483,11.4,328285.32675797964,4689582.963304643,19,T
1644098484253482043,"seq: 478
stamp: 
  secs: 1644098484
  nsecs: 251842260
frame_id: ''",42.3395633,-71.084483,11.4,328285.32675797964,4689582.963304643,19,T
1644098485252185663,"seq: 479
stamp: 
  secs: 1644098485
  nsecs: 251424789
frame_id: ''",42.3395633,-71.084483,11.4,328285.32675797964,4689582.963304643,19,T
1644098486253522999,"seq: 480
stamp: 
  secs: 1644098486
  nsecs: 252396106
frame_id: ''",42.3395633,-71.084483,11.3,328285.32675797964,4689582.963304643,19,T
1644098487251378617,"seq: 481
stamp: 
  secs: 1644098487
  nsecs: 249749898
frame_id: ''",42.3395633,-71.084483,11.3,328285.32675797964,4689582.963304643,19,T
1644098488250038121,"seq: 482
stamp: 
  secs: 1644098488
  nsecs: 248762130
frame_id: ''",42.3395633,-71.084483,11.3,328285.32675797964,4689582.963304643,19,T
1644098489267373287,"seq: 483
stamp: 
  secs: 1644098489
  nsecs: 265964984
frame_id: ''",42.3395633,-71.084483,11.2,328285.32675797964,4689582.963304643,19,T
1644098490267567181,"seq: 484
stamp: 
  secs: 1644098490
  nsecs: 265952110
frame_id: ''",42.3395633,-71.084483,11.2,328285.32675797964,4689582.963304643,19,T
1644098491253122222,"seq: 485
stamp: 
  secs: 1644098491
  nsecs: 250424385
frame_id: ''",42.3395633,-71.084483,11.2,328285.32675797964,4689582.963304643,19,T
1644098492252044644,"seq: 486
stamp: 
  secs: 1644098492
  nsecs: 250557661
frame_id: ''",42.3395633,-71.084483,11.2,328285.32675797964,4689582.963304643,19,T
1644098493269055087,"seq: 487
stamp: 
  secs: 1644098493
  nsecs: 266819238
frame_id: ''",42.3395633,-71.084483,11.2,328285.32675797964,4689582.963304643,19,T
1644098494250303776,"seq: 488
stamp: 
  secs: 1644098494
  nsecs: 249061584
frame_id: ''",42.3395633,-71.084483,11.2,328285.32675797964,4689582.963304643,19,T
1644098495249469389,"seq: 489
stamp: 
  secs: 1644098495
  nsecs: 247980594
frame_id: ''",42.3395633,-71.084483,11.2,328285.32675797964,4689582.963304643,19,T
1644098496267541395,"seq: 490
stamp: 
  secs: 1644098496
  nsecs: 266088485
frame_id: ''",42.3395633,-71.084483,11.2,328285.32675797964,4689582.963304643,19,T
1644098497266887654,"seq: 491
stamp: 
  secs: 1644098497
  nsecs: 265474557
frame_id: ''",42.3395633,-71.084485,11.1,328285.1619959513,4689582.967343685,19,T
1644098498248365378,"seq: 492
stamp: 
  secs: 1644098498
  nsecs: 248131513
frame_id: ''",42.3395633,-71.084485,11.1,328285.1619959513,4689582.967343685,19,T
1644098499254515421,"seq: 493
stamp: 
  secs: 1644098499
  nsecs: 252016305
frame_id: ''",42.3395633,-71.084485,11.1,328285.1619959513,4689582.967343685,19,T
1644098500267093467,"seq: 494
stamp: 
  secs: 1644098500
  nsecs: 266405582
frame_id: ''",42.3395633,-71.084485,11.1,328285.1619959513,4689582.967343685,19,T
1644098501249681072,"seq: 495
stamp: 
  secs: 1644098501
  nsecs: 248093605
frame_id: ''",42.3395633,-71.084485,11.1,328285.1619959513,4689582.967343685,19,T
1644098502249874680,"seq: 496
stamp: 
  secs: 1644098502
  nsecs: 247940301
frame_id: ''",42.3395633,-71.084485,11.1,328285.1619959513,4689582.967343685,19,T
1644098503277598268,"seq: 497
stamp: 
  secs: 1644098503
  nsecs: 275984048
frame_id: ''",42.3395633,-71.084485,11.1,328285.1619959513,4689582.967343685,19,T
1644098504250953948,"seq: 498
stamp: 
  secs: 1644098504
  nsecs: 249318122
frame_id: ''",42.3395633,-71.084485,11.1,328285.1619959513,4689582.967343685,19,T
1644098505267163422,"seq: 499
stamp: 
  secs: 1644098505
  nsecs: 265719413
frame_id: ''",42.3395633,-71.084485,11.1,328285.1619959513,4689582.967343685,19,T
1644098506250610924,"seq: 500
stamp: 
  secs: 1644098506
  nsecs: 249223470
frame_id: ''",42.3395633,-71.084485,11.0,328285.1619959513,4689582.967343685,19,T
1644098507252294129,"seq: 501
stamp: 
  secs: 1644098507
  nsecs: 250640630
frame_id: ''",42.3395633,-71.084485,11.0,328285.1619959513,4689582.967343685,19,T
1644098508251759625,"seq: 502
stamp: 
  secs: 1644098508
  nsecs: 250573873
frame_id: ''",42.3395633,-71.084485,11.0,328285.1619959513,4689582.967343685,19,T
1644098509250950393,"seq: 503
stamp: 
  secs: 1644098509
  nsecs: 249816179
frame_id: ''",42.3395633,-71.084485,11.0,328285.1619959513,4689582.967343685,19,T
1644098510248777865,"seq: 504
stamp: 
  secs: 1644098510
  nsecs: 247496366
frame_id: ''",42.3395633,-71.084485,11.0,328285.1619959513,4689582.967343685,19,T
1644098511250927932,"seq: 505
stamp: 
  secs: 1644098511
  nsecs: 249675035
frame_id: ''",42.3395633,-71.084485,10.9,328285.1619959513,4689582.967343685,19,T
1644098512250873187,"seq: 506
stamp: 
  secs: 1644098512
  nsecs: 249464035
frame_id: ''",42.3395633,-71.084485,10.9,328285.1619959513,4689582.967343685,19,T
1644098513266794896,"seq: 507
stamp: 
  secs: 1644098513
  nsecs: 265411615
frame_id: ''",42.3395633,-71.084485,10.9,328285.1619959513,4689582.967343685,19,T
1644098514267496668,"seq: 508
stamp: 
  secs: 1644098514
  nsecs: 266346693
frame_id: ''",42.3395633,-71.084485,10.9,328285.1619959513,4689582.967343685,19,T
1644098515256235892,"seq: 509
stamp: 
  secs: 1644098515
  nsecs: 253460407
frame_id: ''",42.3395633,-71.084485,10.9,328285.1619959513,4689582.967343685,19,T
1644098516275913582,"seq: 510
stamp: 
  secs: 1644098516
  nsecs: 274290084
frame_id: ''",42.3395633,-71.084485,10.9,328285.1619959513,4689582.967343685,19,T
1644098517266989959,"seq: 511
stamp: 
  secs: 1644098517
  nsecs: 266005516
frame_id: ''",42.3395633,-71.084485,10.9,328285.1619959513,4689582.967343685,19,T
1644098518268363274,"seq: 512
stamp: 
  secs: 1644098518
  nsecs: 266252756
frame_id: ''",42.3395633,-71.084485,11.0,328285.1619959513,4689582.967343685,19,T
1644098519252749211,"seq: 513
stamp: 
  secs: 1644098519
  nsecs: 249995946
frame_id: ''",42.3395633,-71.084485,11.0,328285.1619959513,4689582.967343685,19,T
1644098520255039333,"seq: 514
stamp: 
  secs: 1644098520
  nsecs: 252321243
frame_id: ''",42.3395633,-71.084485,11.0,328285.1619959513,4689582.967343685,19,T
1644098521255496401,"seq: 515
stamp: 
  secs: 1644098521
  nsecs: 253359079
frame_id: ''",42.3395633,-71.084485,11.0,328285.1619959513,4689582.967343685,19,T
1644098522255504480,"seq: 516
stamp: 
  secs: 1644098522
  nsecs: 252201557
frame_id: ''",42.3395633,-71.084485,11.0,328285.1619959513,4689582.967343685,19,T
1644098523272392420,"seq: 517
stamp: 
  secs: 1644098523
  nsecs: 269797563
frame_id: ''",42.3395633,-71.084485,11.0,328285.1619959513,4689582.967343685,19,T
1644098524253706401,"seq: 518
stamp: 
  secs: 1644098524
  nsecs: 251247882
frame_id: ''",42.3395633,-71.084485,11.0,328285.1619959513,4689582.967343685,19,T
1644098525251739672,"seq: 519
stamp: 
  secs: 1644098525
  nsecs: 250254392
frame_id: ''",42.3395633,-71.084485,11.0,328285.1619959513,4689582.967343685,19,T
1644098526251806230,"seq: 520
stamp: 
  secs: 1644098526
  nsecs: 250445604
frame_id: ''",42.3395633,-71.084485,11.0,328285.1619959513,4689582.967343685,19,T
1644098527255881190,"seq: 521
stamp: 
  secs: 1644098527
  nsecs: 254262447
frame_id: ''",42.3395633,-71.084485,11.0,328285.1619959513,4689582.967343685,19,T
1644098528257016598,"seq: 522
stamp: 
  secs: 1644098528
  nsecs: 255473613
frame_id: ''",42.3395633,-71.084485,11.0,328285.1619959513,4689582.967343685,19,T
1644098529252193717,"seq: 523
stamp: 
  secs: 1644098529
  nsecs: 250834465
frame_id: ''",42.3395633,-71.084485,11.0,328285.1619959513,4689582.967343685,19,T
1644098530262999881,"seq: 524
stamp: 
  secs: 1644098530
  nsecs: 261732578
frame_id: ''",42.3395633,-71.084485,11.0,328285.1619959513,4689582.967343685,19,T
1644098531271651050,"seq: 525
stamp: 
  secs: 1644098531
  nsecs: 269998550
frame_id: ''",42.3395633,-71.084485,11.0,328285.1619959513,4689582.967343685,19,T
1644098532254607955,"seq: 526
stamp: 
  secs: 1644098532
  nsecs: 252828359
frame_id: ''",42.3395633,-71.084485,11.0,328285.1619959513,4689582.967343685,19,T
1644098533255950993,"seq: 527
stamp: 
  secs: 1644098533
  nsecs: 252756595
frame_id: ''",42.3395633,-71.084485,11.0,328285.1619959513,4689582.967343685,19,T
1644098534254089590,"seq: 528
stamp: 
  secs: 1644098534
  nsecs: 252036571
frame_id: ''",42.3395633,-71.084485,11.0,328285.1619959513,4689582.967343685,19,T
1644098535253298655,"seq: 529
stamp: 
  secs: 1644098535
  nsecs: 251638174
frame_id: ''",42.3395633,-71.084485,11.0,328285.1619959513,4689582.967343685,19,T
1644098536257320921,"seq: 530
stamp: 
  secs: 1644098536
  nsecs: 254996538
frame_id: ''",42.3395633,-71.084485,11.0,328285.1619959513,4689582.967343685,19,T
1644098537252059878,"seq: 531
stamp: 
  secs: 1644098537
  nsecs: 250797033
frame_id: ''",42.3395633,-71.084485,11.0,328285.1619959513,4689582.967343685,19,T
1644098538252332194,"seq: 532
stamp: 
  secs: 1644098538
  nsecs: 251514434
frame_id: ''",42.3395633,-71.084485,11.0,328285.1619959513,4689582.967343685,19,T
1644098539253914492,"seq: 533
stamp: 
  secs: 1644098539
  nsecs: 252923488
frame_id: ''",42.3395633,-71.084485,11.0,328285.1619959513,4689582.967343685,19,T
1644098540268299383,"seq: 534
stamp: 
  secs: 1644098540
  nsecs: 267638683
frame_id: ''",42.3395633,-71.084485,11.0,328285.1619959513,4689582.967343685,19,T
1644098541268911892,"seq: 535
stamp: 
  secs: 1644098541
  nsecs: 267880201
frame_id: ''",42.3395633,-71.084485,11.0,328285.1619959513,4689582.967343685,19,T
1644098542252310502,"seq: 536
stamp: 
  secs: 1644098542
  nsecs: 250868797
frame_id: ''",42.3395633,-71.084485,11.0,328285.1619959513,4689582.967343685,19,T
1644098543253382159,"seq: 537
stamp: 
  secs: 1644098543
  nsecs: 251538038
frame_id: ''",42.3395633,-71.084485,11.0,328285.1619959513,4689582.967343685,19,T
1644098544271946683,"seq: 538
stamp: 
  secs: 1644098544
  nsecs: 269241333
frame_id: ''",42.3395633,-71.084485,11.0,328285.1619959513,4689582.967343685,19,T
1644098545254543995,"seq: 539
stamp: 
  secs: 1644098545
  nsecs: 253357410
frame_id: ''",42.3395633,-71.084485,11.0,328285.1619959513,4689582.967343685,19,T
1644098546252152299,"seq: 540
stamp: 
  secs: 1644098546
  nsecs: 251154661
frame_id: ''",42.3395633,-71.084485,11.0,328285.1619959513,4689582.967343685,19,T
1644098547270932972,"seq: 541
stamp: 
  secs: 1644098547
  nsecs: 269099712
frame_id: ''",42.3395633,-71.084485,11.0,328285.1619959513,4689582.967343685,19,T
1644098548271059579,"seq: 542
stamp: 
  secs: 1644098548
  nsecs: 269635677
frame_id: ''",42.3395633,-71.084485,11.0,328285.1619959513,4689582.967343685,19,T
1644098549252396799,"seq: 543
stamp: 
  secs: 1644098549
  nsecs: 250972270
frame_id: ''",42.3395633,-71.084485,11.0,328285.1619959513,4689582.967343685,19,T
1644098550251960554,"seq: 544
stamp: 
  secs: 1644098550
  nsecs: 250639677
frame_id: ''",42.3395633,-71.084485,11.0,328285.1619959513,4689582.967343685,19,T
1644098551273046627,"seq: 545
stamp: 
  secs: 1644098551
  nsecs: 271450519
frame_id: ''",42.3395633,-71.084485,11.0,328285.1619959513,4689582.967343685,19,T
1644098552253894355,"seq: 546
stamp: 
  secs: 1644098552
  nsecs: 252457618
frame_id: ''",42.3395633,-71.084485,11.0,328285.1619959513,4689582.967343685,19,T
1644098553267517990,"seq: 547
stamp: 
  secs: 1644098553
  nsecs: 265917778
frame_id: ''",42.3395633,-71.084485,11.1,328285.1619959513,4689582.967343685,19,T
1644098554250663704,"seq: 548
stamp: 
  secs: 1644098554
  nsecs: 249145269
frame_id: ''",42.3395633,-71.084485,11.2,328285.1619959513,4689582.967343685,19,T
1644098555251937799,"seq: 549
stamp: 
  secs: 1644098555
  nsecs: 249570131
frame_id: ''",42.3395633,-71.084485,11.3,328285.1619959513,4689582.967343685,19,T
1644098556267930117,"seq: 550
stamp: 
  secs: 1644098556
  nsecs: 267111778
frame_id: ''",42.3395633,-71.084483,11.4,328285.32675797964,4689582.963304643,19,T
1644098557250898312,"seq: 551
stamp: 
  secs: 1644098557
  nsecs: 249493837
frame_id: ''",42.3395616,-71.084483,11.5,328285.3221303484,4689582.774532582,19,T
1644098558251008325,"seq: 552
stamp: 
  secs: 1644098558
  nsecs: 249815702
frame_id: ''",42.3395616,-71.084483,11.6,328285.3221303484,4689582.774532582,19,T
1644098559251261712,"seq: 553
stamp: 
  secs: 1644098559
  nsecs: 250323534
frame_id: ''",42.3395616,-71.084483,11.7,328285.3221303484,4689582.774532582,19,T
1644098560256175152,"seq: 554
stamp: 
  secs: 1644098560
  nsecs: 254414319
frame_id: ''",42.3395616,-71.084483,11.6,328285.3221303484,4689582.774532582,19,T
1644098561253286561,"seq: 555
stamp: 
  secs: 1644098561
  nsecs: 251700162
frame_id: ''",42.3395616,-71.084483,11.6,328285.3221303484,4689582.774532582,19,T
1644098562253224907,"seq: 556
stamp: 
  secs: 1644098562
  nsecs: 252248048
frame_id: ''",42.3395616,-71.084483,11.6,328285.3221303484,4689582.774532582,19,T
1644098563257359563,"seq: 557
stamp: 
  secs: 1644098563
  nsecs: 255916833
frame_id: ''",42.3395616,-71.084483,11.6,328285.3221303484,4689582.774532582,19,T
1644098564271337524,"seq: 558
stamp: 
  secs: 1644098564
  nsecs: 269994974
frame_id: ''",42.3395616,-71.084483,11.6,328285.3221303484,4689582.774532582,19,T
1644098565272127014,"seq: 559
stamp: 
  secs: 1644098565
  nsecs: 270750045
frame_id: ''",42.3395616,-71.084483,11.6,328285.3221303484,4689582.774532582,19,T
1644098566268299136,"seq: 560
stamp: 
  secs: 1644098566
  nsecs: 266129732
frame_id: ''",42.3395616,-71.084483,11.6,328285.3221303484,4689582.774532582,19,T
1644098567277672945,"seq: 561
stamp: 
  secs: 1644098567
  nsecs: 276193618
frame_id: ''",42.3395616,-71.084483,11.7,328285.3221303484,4689582.774532582,19,T
1644098568253864331,"seq: 562
stamp: 
  secs: 1644098568
  nsecs: 250732183
frame_id: ''",42.33956,-71.084483,11.7,328285.31777493097,4689582.59686476,19,T
1644098569269708938,"seq: 563
stamp: 
  secs: 1644098569
  nsecs: 268297433
frame_id: ''",42.33956,-71.084483,11.7,328285.31777493097,4689582.59686476,19,T
1644098570254983560,"seq: 564
stamp: 
  secs: 1644098570
  nsecs: 253869771
frame_id: ''",42.33956,-71.084483,11.7,328285.31777493097,4689582.59686476,19,T
1644098571252430989,"seq: 565
stamp: 
  secs: 1644098571
  nsecs: 251022100
frame_id: ''",42.33956,-71.084483,11.7,328285.31777493097,4689582.59686476,19,T
1644098572252250681,"seq: 566
stamp: 
  secs: 1644098572
  nsecs: 250698804
frame_id: ''",42.33956,-71.084483,11.7,328285.31777493097,4689582.59686476,19,T
1644098573249887711,"seq: 567
stamp: 
  secs: 1644098573
  nsecs: 249183893
frame_id: ''",42.33956,-71.084483,11.7,328285.31777493097,4689582.59686476,19,T
1644098574270423409,"seq: 568
stamp: 
  secs: 1644098574
  nsecs: 269154310
frame_id: ''",42.33956,-71.084483,11.7,328285.31777493097,4689582.59686476,19,T
1644098575258059943,"seq: 569
stamp: 
  secs: 1644098575
  nsecs: 256762266
frame_id: ''",42.33956,-71.084483,11.7,328285.31777493097,4689582.59686476,19,T
1644098576255812204,"seq: 570
stamp: 
  secs: 1644098576
  nsecs: 254788160
frame_id: ''",42.33956,-71.084483,11.7,328285.31777493097,4689582.59686476,19,T
1644098577255502995,"seq: 571
stamp: 
  secs: 1644098577
  nsecs: 253952264
frame_id: ''",42.33956,-71.084483,11.7,328285.31777493097,4689582.59686476,19,T
1644098578254235780,"seq: 572
stamp: 
  secs: 1644098578
  nsecs: 253363609
frame_id: ''",42.33956,-71.084483,11.7,328285.31777493097,4689582.59686476,19,T
1644098579255035752,"seq: 573
stamp: 
  secs: 1644098579
  nsecs: 253968954
frame_id: ''",42.33956,-71.084483,11.7,328285.31777493097,4689582.59686476,19,T
1644098580254820272,"seq: 574
stamp: 
  secs: 1644098580
  nsecs: 253928899
frame_id: ''",42.33956,-71.084483,11.7,328285.31777493097,4689582.59686476,19,T
1644098581256473142,"seq: 575
stamp: 
  secs: 1644098581
  nsecs: 254964828
frame_id: ''",42.33956,-71.084483,11.7,328285.31777493097,4689582.59686476,19,T
1644098582272613935,"seq: 576
stamp: 
  secs: 1644098582
  nsecs: 271334648
frame_id: ''",42.33956,-71.084483,11.7,328285.31777493097,4689582.59686476,19,T
1644098583257276798,"seq: 577
stamp: 
  secs: 1644098583
  nsecs: 254057645
frame_id: ''",42.33956,-71.084483,11.7,328285.31777493097,4689582.59686476,19,T
1644098584255764499,"seq: 578
stamp: 
  secs: 1644098584
  nsecs: 254685163
frame_id: ''",42.33956,-71.084483,11.7,328285.31777493097,4689582.59686476,19,T
1644098585250845307,"seq: 579
stamp: 
  secs: 1644098585
  nsecs: 249575138
frame_id: ''",42.33956,-71.084483,11.7,328285.31777493097,4689582.59686476,19,T
1644098586252244901,"seq: 580
stamp: 
  secs: 1644098586
  nsecs: 250696182
frame_id: ''",42.33956,-71.084483,11.7,328285.31777493097,4689582.59686476,19,T
1644098587259040631,"seq: 581
stamp: 
  secs: 1644098587
  nsecs: 257210016
frame_id: ''",42.33956,-71.084483,11.7,328285.31777493097,4689582.59686476,19,T
1644098588255186928,"seq: 582
stamp: 
  secs: 1644098588
  nsecs: 254040718
frame_id: ''",42.33956,-71.084483,11.7,328285.31777493097,4689582.59686476,19,T
1644098589251746540,"seq: 583
stamp: 
  secs: 1644098589
  nsecs: 250537157
frame_id: ''",42.33956,-71.084483,11.7,328285.31777493097,4689582.59686476,19,T
1644098590252191633,"seq: 584
stamp: 
  secs: 1644098590
  nsecs: 249733686
frame_id: ''",42.33956,-71.084483,11.7,328285.31777493097,4689582.59686476,19,T
1644098591271075663,"seq: 585
stamp: 
  secs: 1644098591
  nsecs: 269767522
frame_id: ''",42.33956,-71.084483,11.7,328285.31777493097,4689582.59686476,19,T
1644098592270280713,"seq: 586
stamp: 
  secs: 1644098592
  nsecs: 268964767
frame_id: ''",42.33956,-71.084483,11.7,328285.31777493097,4689582.59686476,19,T
1644098593254227565,"seq: 587
stamp: 
  secs: 1644098593
  nsecs: 252486467
frame_id: ''",42.33956,-71.084483,11.7,328285.31777493097,4689582.59686476,19,T
1644098594251785294,"seq: 588
stamp: 
  secs: 1644098594
  nsecs: 250517845
frame_id: ''",42.33956,-71.084483,11.7,328285.31777493097,4689582.59686476,19,T
1644098595270161670,"seq: 589
stamp: 
  secs: 1644098595
  nsecs: 268862485
frame_id: ''",42.33956,-71.084483,11.7,328285.31777493097,4689582.59686476,19,T
1644098596252006044,"seq: 590
stamp: 
  secs: 1644098596
  nsecs: 251110076
frame_id: ''",42.33956,-71.084483,11.7,328285.31777493097,4689582.59686476,19,T
1644098597268385418,"seq: 591
stamp: 
  secs: 1644098597
  nsecs: 266846179
frame_id: ''",42.33956,-71.084483,11.7,328285.31777493097,4689582.59686476,19,T
1644098598251341641,"seq: 592
stamp: 
  secs: 1644098598
  nsecs: 249939441
frame_id: ''",42.33956,-71.084483,11.6,328285.31777493097,4689582.59686476,19,T
1644098599271844095,"seq: 593
stamp: 
  secs: 1644098599
  nsecs: 270623683
frame_id: ''",42.33956,-71.084483,11.6,328285.31777493097,4689582.59686476,19,T
1644098600251928177,"seq: 594
stamp: 
  secs: 1644098600
  nsecs: 250501155
frame_id: ''",42.33956,-71.084483,11.6,328285.31777493097,4689582.59686476,19,T
1644098601268427302,"seq: 595
stamp: 
  secs: 1644098601
  nsecs: 266942501
frame_id: ''",42.33956,-71.084483,11.6,328285.31777493097,4689582.59686476,19,T
1644098602252032546,"seq: 596
stamp: 
  secs: 1644098602
  nsecs: 250358581
frame_id: ''",42.33956,-71.084483,11.6,328285.31777493097,4689582.59686476,19,T
1644098603251643586,"seq: 597
stamp: 
  secs: 1644098603
  nsecs: 250393152
frame_id: ''",42.33956,-71.084483,11.6,328285.31777493097,4689582.59686476,19,T
1644098604272101781,"seq: 598
stamp: 
  secs: 1644098604
  nsecs: 269678115
frame_id: ''",42.33956,-71.084483,11.6,328285.31777493097,4689582.59686476,19,T
1644098605253165439,"seq: 599
stamp: 
  secs: 1644098605
  nsecs: 251750946
frame_id: ''",42.33956,-71.084483,11.6,328285.31777493097,4689582.59686476,19,T
1644098606251761485,"seq: 600
stamp: 
  secs: 1644098606
  nsecs: 251090288
frame_id: ''",42.33956,-71.084483,11.6,328285.31777493097,4689582.59686476,19,T
1644098607272820098,"seq: 601
stamp: 
  secs: 1644098607
  nsecs: 271153926
frame_id: ''",42.33956,-71.084483,11.6,328285.31777493097,4689582.59686476,19,T
1644098608251668982,"seq: 602
stamp: 
  secs: 1644098608
  nsecs: 250922918
frame_id: ''",42.33956,-71.084483,11.6,328285.31777493097,4689582.59686476,19,T
1644098609251044376,"seq: 603
stamp: 
  secs: 1644098609
  nsecs: 249626159
frame_id: ''",42.33956,-71.084483,11.6,328285.31777493097,4689582.59686476,19,T
1644098610258493990,"seq: 604
stamp: 
  secs: 1644098610
  nsecs: 257073879
frame_id: ''",42.33956,-71.084483,11.6,328285.31777493097,4689582.59686476,19,T
1644098611253301135,"seq: 605
stamp: 
  secs: 1644098611
  nsecs: 251629590
frame_id: ''",42.33956,-71.084483,11.6,328285.31777493097,4689582.59686476,19,T
1644098612252087304,"seq: 606
stamp: 
  secs: 1644098612
  nsecs: 250386953
frame_id: ''",42.33956,-71.084483,11.6,328285.31777493097,4689582.59686476,19,T
1644098613254462720,"seq: 607
stamp: 
  secs: 1644098613
  nsecs: 253106832
frame_id: ''",42.33956,-71.084483,11.6,328285.31777493097,4689582.59686476,19,T
1644098614272997929,"seq: 608
stamp: 
  secs: 1644098614
  nsecs: 271353960
frame_id: ''",42.33956,-71.084483,11.6,328285.31777493097,4689582.59686476,19,T
1644098615250919183,"seq: 609
stamp: 
  secs: 1644098615
  nsecs: 250237464
frame_id: ''",42.33956,-71.084483,11.6,328285.31777493097,4689582.59686476,19,T
1644098616267772854,"seq: 610
stamp: 
  secs: 1644098616
  nsecs: 266975402
frame_id: ''",42.33956,-71.084483,11.6,328285.31777493097,4689582.59686476,19,T
1644098617270448665,"seq: 611
stamp: 
  secs: 1644098617
  nsecs: 268493890
frame_id: ''",42.33956,-71.084483,11.6,328285.31777493097,4689582.59686476,19,T
1644098618273663254,"seq: 612
stamp: 
  secs: 1644098618
  nsecs: 271937847
frame_id: ''",42.33956,-71.084483,11.6,328285.31777493097,4689582.59686476,19,T
1644098619257717238,"seq: 613
stamp: 
  secs: 1644098619
  nsecs: 256178617
frame_id: ''",42.33956,-71.084483,11.6,328285.31777493097,4689582.59686476,19,T
1644098620274963840,"seq: 614
stamp: 
  secs: 1644098620
  nsecs: 273907899
frame_id: ''",42.33956,-71.084483,11.6,328285.31777493097,4689582.59686476,19,T
